,Author of Tweet,Compound Score,Negative Score,Neutral Score,Positive Score,Text,Time of Tweet
0,@BBCWorld,0.0,0.0,1.0,0.0,Madrid police dogs get 'Mozart effect' music therapy https://t.co/gZCt2nHSHR,Wed Mar 28 15:37:10 +0000 2018
1,@BBCWorld,0.2235,0.0,0.91,0.09,"RT @BBCNews: ""I have cerebral palsy. But that won't stop me from becoming a barrister."" 

This is Daniel's story

https://t.co/fTssqqhK7D h…",Wed Mar 28 15:31:26 +0000 2018
2,@BBCWorld,-0.7096,0.457,0.543,0.0,Alexandre Bissonnette pleads guilty to Quebec mosque attack https://t.co/SHS5UcQmz9,Wed Mar 28 14:46:13 +0000 2018
3,@BBCWorld,-0.4767,0.279,0.721,0.0,Clara Ponsati: Arrested Catalan politician released on bail https://t.co/UI5TiPgPY0,Wed Mar 28 14:34:06 +0000 2018
4,@BBCWorld,-0.5574,0.419,0.581,0.0,Australia bans cricketers over cheating https://t.co/LdcatmztQg,Wed Mar 28 14:06:10 +0000 2018
5,@BBCWorld,0.765,0.0,0.431,0.569,Did lottery win teen choose wisely? https://t.co/PheTk7Qodo,Wed Mar 28 13:42:35 +0000 2018
6,@BBCWorld,0.0,0.0,1.0,0.0,Ireland to get first official nude beach https://t.co/0mBiqRqovl,Wed Mar 28 13:37:05 +0000 2018
7,@BBCWorld,-0.296,0.196,0.804,0.0,Adea Shabani: Body of missing actress 'found' in California https://t.co/iZrQ3OcyTQ,Wed Mar 28 13:37:05 +0000 2018
8,@BBCWorld,-0.6808,0.255,0.669,0.076,"RT @BBCSport: A country at war, no league competition since 2014 and unable to play games at home.

None of that stopped Yemen, who have re…",Wed Mar 28 13:36:10 +0000 2018
9,@BBCWorld,0.4939,0.0,0.738,0.262,Former Disney star Caroline Sunshine joins Trump's press office https://t.co/RAh3MKl5qB,Wed Mar 28 13:03:04 +0000 2018
10,@BBCWorld,0.0,0.0,1.0,0.0,Stormy Daniels seeks Trump testimony on her sex claims https://t.co/7LJOHbCNVt,Wed Mar 28 12:48:50 +0000 2018
11,@BBCWorld,0.1027,0.079,0.826,0.095,RT @BBCtrending: What do you do when your 13-year-old is acting a bit snobbish? This mum's answer started a huge debate about entitlement a…,Wed Mar 28 12:36:18 +0000 2018
12,@BBCWorld,0.0,0.0,1.0,0.0,Paris ceremony for police officer Arnaud Beltrame https://t.co/Cps7oENssK,Wed Mar 28 12:10:13 +0000 2018
13,@BBCWorld,0.0,0.0,1.0,0.0,Stephon Clark's brother storms Sacramento council meeting https://t.co/jgPI0VRlxe,Wed Mar 28 12:02:04 +0000 2018
14,@BBCWorld,0.0,0.0,1.0,0.0,Abiy Ahmed named as head of Ethiopia's EPRDF ruling coalition https://t.co/so2ojRtP7H,Wed Mar 28 11:41:54 +0000 2018
15,@BBCWorld,0.4265,0.247,0.287,0.466,Florida shooting survivor: Befriending killer wouldn't stop murder https://t.co/s26YZaWOpZ,Wed Mar 28 10:56:42 +0000 2018
16,@BBCWorld,0.0,0.0,1.0,0.0,Ecuador searches for reporters kidnapped in border area https://t.co/cxSPwvkMuu,Wed Mar 28 10:41:39 +0000 2018
17,@BBCWorld,0.0,0.0,1.0,0.0,"""He gave his life for strangers.""

President Macron leads national memorial service in Paris for French police offi… https://t.co/ms8yHkg2Cb",Wed Mar 28 10:30:54 +0000 2018
18,@BBCWorld,0.0,0.0,1.0,0.0,RT @richard_conway: Cricket Australia on future leadership roles: https://t.co/nZV2Ynjpud,Wed Mar 28 10:02:46 +0000 2018
19,@BBCWorld,-0.4767,0.14,0.86,0.0,"RT @richard_conway: Steve Smith and David Warner suspended for 12 months. Bancroft given 9 month suspension.
Cricket Australia reveal key f…",Wed Mar 28 10:02:21 +0000 2018
20,@BBCWorld,-0.9081,0.588,0.412,0.0,Vicky Momberg: South African estate agent jailed for racist abuse https://t.co/SHjRO0LzZV,Wed Mar 28 09:27:31 +0000 2018
21,@BBCWorld,-0.6705,0.355,0.645,0.0,Syria war: Troops mass around last rebel town in Eastern Ghouta https://t.co/JsQwkaX89Z,Wed Mar 28 09:23:48 +0000 2018
22,@BBCWorld,-0.6124,0.455,0.545,0.0,Russia Kemerovo fire: First funerals take place https://t.co/mToI9WSIBa,Wed Mar 28 09:23:48 +0000 2018
23,@BBCWorld,0.2846,0.153,0.688,0.159,"Utah trooper hit by skidding car ? 

Warning: you may find this video distressing — but thankfully the officer was… https://t.co/EsaqwkrZxD",Wed Mar 28 09:18:48 +0000 2018
24,@BBCWorld,0.0,0.0,1.0,0.0,Kim Jong-un has visited China for his first known foreign trip since taking office in 2011 ???? https://t.co/T821HpArit,Wed Mar 28 08:47:44 +0000 2018
25,@BBCWorld,-0.6808,0.444,0.556,0.0,Spy poisoning: Russian media accuse West of 'crusade' https://t.co/p7czMSUiMi,Wed Mar 28 08:39:24 +0000 2018
26,@BBCWorld,-0.6901,0.192,0.808,0.0,"RT @BBCSteveR: ""In many ways, what we have now is more dangerous than the Cold War."" My take on escalating tension between Russia and the W…",Wed Mar 28 07:44:36 +0000 2018
27,@BBCWorld,0.5859,0.0,0.612,0.388,Win Myint elected new Myanmar president https://t.co/KEV0A6uAmD,Wed Mar 28 07:01:38 +0000 2018
28,@BBCWorld,0.0,0.0,1.0,0.0,Walmart shelves 'hyper-sexualised' Cosmo https://t.co/xBTmkeReDT,Wed Mar 28 06:28:00 +0000 2018
29,@BBCWorld,-0.7184,0.222,0.778,0.0,"RT @BBCSteveR: On this day of national mourning in Russia, one paper here declares: ""Today Russia is crying for the children of Kemerovo.""…",Wed Mar 28 06:26:05 +0000 2018
30,@BBCWorld,0.0,0.0,1.0,0.0,Utah trooper hit by skidding car https://t.co/sgr0ZHWwX3,Wed Mar 28 04:44:44 +0000 2018
31,@BBCWorld,0.0,0.0,1.0,0.0,Kim in Beijing: Why Xi's still the one he needs to see https://t.co/PefHB8UprZ,Wed Mar 28 04:26:50 +0000 2018
32,@BBCWorld,0.128,0.211,0.544,0.245,Trèbes attack: Paris ceremony for hero policeman Arnaud Beltrame https://t.co/6naeoAd4HT,Wed Mar 28 04:26:50 +0000 2018
33,@BBCWorld,0.0,0.0,1.0,0.0,"Australia's indigenous languages have one source, study says https://t.co/7QoMFrTeBU",Wed Mar 28 04:18:40 +0000 2018
34,@BBCWorld,0.0,0.177,0.645,0.177,Tesla and Nvidia shares fall amid driverless car doubts https://t.co/ZvAPiF6wgd,Wed Mar 28 04:18:40 +0000 2018
35,@BBCWorld,0.5719,0.0,0.73,0.27,Canada teen wins $1000 a week for life on 18th birthday https://t.co/NeTuIPmXby,Wed Mar 28 04:18:40 +0000 2018
36,@BBCWorld,-0.7783,0.527,0.473,0.0,Alton Sterling: No charges in 2016 fatal police shooting https://t.co/ahSn5LVRLc,Wed Mar 28 04:18:40 +0000 2018
37,@BBCWorld,0.0,0.0,1.0,0.0,N Korea's Kim Jong-un visits China's Xi https://t.co/SEc2LT35DA,Wed Mar 28 04:05:47 +0000 2018
38,@BBCWorld,0.4019,0.0,0.881,0.119,"RT @BBCNewsAsia: Definitely not something you see every day. ?

A video of a 'smoking' wild elephant in India is baffling scientists and wi…",Wed Mar 28 02:14:16 +0000 2018
39,@BBCWorld,-0.4019,0.109,0.891,0.0,"RT @BBCNewsAsia: Vietnamese singer and activist Mai Khoi has been detained in Hanoi on her return home from a European tour.

She was held…",Wed Mar 28 01:44:28 +0000 2018
40,@BBCWorld,0.0,0.0,1.0,0.0,Letter from Africa: Will age be a factor in Zimbabwe's poll? https://t.co/4UunbFffbZ,Wed Mar 28 01:34:04 +0000 2018
41,@BBCWorld,-0.0772,0.178,0.822,0.0,The world's toughest place to study? https://t.co/JdkkQo8XtQ,Wed Mar 28 01:34:04 +0000 2018
42,@BBCWorld,0.0,0.0,1.0,0.0,Can the ad industry persuade us to eat more vegetables? https://t.co/Jtss2hwwHd,Wed Mar 28 00:41:30 +0000 2018
43,@BBCWorld,0.2732,0.0,0.792,0.208,5 pop songs you didn't know were about God https://t.co/lL4RlGDqWc,Wed Mar 28 00:33:33 +0000 2018
44,@BBCWorld,0.4404,0.0,0.804,0.196,Kim Jong-un's Beijing visit is considered a significant step in North Korea's preparation for talks agreed in princ… https://t.co/eD7Xv8h709,Wed Mar 28 00:16:30 +0000 2018
45,@BBCWorld,0.5859,0.0,0.817,0.183,"@BBCBreaking North Korea's leader Kim Jong-un has visited Beijing and held ""successful talks"" with Chinese leader X… https://t.co/bvNkLb8m89",Wed Mar 28 00:04:15 +0000 2018
46,@BBCWorld,0.0,0.0,1.0,0.0,China confirms Kim Jong-un visit https://t.co/eRxfJKgLZc,Tue Mar 27 23:50:38 +0000 2018
47,@BBCWorld,-0.7841,0.463,0.537,0.0,Fired Vancouver waiter case: Are the French really rude? https://t.co/ETb72MasiY,Tue Mar 27 23:50:38 +0000 2018
48,@BBCWorld,0.5095,0.0,0.798,0.202,RT @BBCDanielS: BBC Exclusive interview with Sergei Skripal’s niece: “I would really like to know how they are” https://t.co/UQHT7fZv2y,Tue Mar 27 21:37:00 +0000 2018
49,@BBCWorld,0.0,0.0,1.0,0.0,"This 'smoking' elephant in India is baffling experts

https://t.co/4oBCX8OR7q https://t.co/5nVKiPNUZF",Tue Mar 27 21:20:33 +0000 2018
50,@BBCWorld,-0.2516,0.229,0.603,0.168,Spy poisoning: 'I would really like to know how they are' https://t.co/6hK6i3Co1S,Tue Mar 27 20:14:24 +0000 2018
51,@BBCWorld,0.0,0.0,1.0,0.0,Brazilian sports reporters tackle on-air groping https://t.co/MOxFd4yreE,Tue Mar 27 19:19:12 +0000 2018
52,@BBCWorld,0.6705,0.13,0.538,0.332,"RT @BBCNews: Owl ring-bearer attacks best man at wedding... prompting hoots of laughter ?

https://t.co/DjhjEdoYhy https://t.co/2x3bedxedn",Tue Mar 27 18:14:45 +0000 2018
53,@BBCWorld,-0.25,0.222,0.778,0.0,Nearly a million watch cat stuck up pole https://t.co/aw9PbAliF3,Tue Mar 27 18:13:18 +0000 2018
54,@BBCWorld,-0.5106,0.202,0.798,0.0,"RT @BBCSport: Australia coach Darren Lehmann denied ball-tampering during the Ashes when questioned at Johannesburg airport by @danroan 

W…",Tue Mar 27 18:02:09 +0000 2018
55,@BBCWorld,-0.4588,0.143,0.857,0.0,"RT @richard_conway: Sanctions announced against the three players within 24 hours by Cricket Australia. 
A nation is incensed, a Prime Mini…",Tue Mar 27 17:57:01 +0000 2018
56,@BBCWorld,0.7964,0.0,0.664,0.336,"I want to apologise to ""kids who love cricket and idolise the players"" - Cricket Australia boss James Sutherland on… https://t.co/evTGNOU23c",Tue Mar 27 17:51:11 +0000 2018
57,@BBCWorld,0.2023,0.0,0.913,0.087,"RT @richard_conway: Smith, Bancroft and Warner said to be only players with knowledge of ball tampering intentions... significant words in…",Tue Mar 27 17:41:16 +0000 2018
58,@BBCWorld,-0.34,0.194,0.806,0.0,Russia fire: Protester spoke on the phone to dying wife https://t.co/YDLIjNDGNg,Tue Mar 27 17:40:24 +0000 2018
59,@BBCWorld,0.0,0.0,1.0,0.0,"RT @bbctms: James Sutherland says only 3 people involved in ball tampering incident. 

Steve Smith, David Warner &amp; Cameron Bancroft. 

""Ser…",Tue Mar 27 17:34:28 +0000 2018
60,@BBCWorld,0.0,0.0,1.0,0.0,RT @richard_conway: Full statement from Cricket Australia: https://t.co/GqIh4ynYtE,Tue Mar 27 17:33:54 +0000 2018
61,@BBCWorld,0.0,0.0,1.0,0.0,"Australia ball-tampering: Steve Smith, David Warner, Cameron Bancroft sent home https://t.co/gBTooWUkS4",Tue Mar 27 17:32:03 +0000 2018
62,@BBCWorld,0.0,0.0,1.0,0.0,"RT @richard_conway: Cricket Australia to conduct review into conduct and culture of team.
Sanctions to be announced within 24 hours.",Tue Mar 27 17:26:01 +0000 2018
63,@BBCWorld,-0.0516,0.062,0.938,0.0,"RT @richard_conway: Breaking:
Cricket Australia say Steve Smith, David Warner, Cameron Bancroft to leave South Africa tomorrow.
Head coach…",Tue Mar 27 17:23:13 +0000 2018
64,@BBCWorld,-0.3182,0.277,0.723,0.0,JWST: Hubble 'successor' faces new delay https://t.co/eXx0Vxqfb6,Tue Mar 27 17:19:43 +0000 2018
65,@BBCWorld,-0.296,0.18,0.82,0.0,France to lower school starting age from six to three https://t.co/Us998C0PsN,Tue Mar 27 17:04:02 +0000 2018
66,@BBCWorld,-0.4767,0.279,0.721,0.0,William Strampel: Michigan supervisor of Larry Nassar arrested https://t.co/1dROZkhAjO,Tue Mar 27 16:43:51 +0000 2018
67,@BBCWorld,-0.5719,0.299,0.701,0.0,Kemerovo fire: Who are the victims in the Russia leisure centre blaze? https://t.co/tX0BjbjBtL,Tue Mar 27 16:21:50 +0000 2018
68,@BBCWorld,0.5423,0.0,0.759,0.241,"RT @BBC_HaveYourSay: Chicago superior? The phenomenon of the media-savvy slam-dunk nun
https://t.co/p6WqsUEDY7",Tue Mar 27 16:18:52 +0000 2018
69,@BBCWorld,-0.6808,0.444,0.556,0.0,Kemerovo fire damage seen from inside gutted mall https://t.co/O75q4RgqPx,Tue Mar 27 16:12:28 +0000 2018
70,@BBCWorld,0.0,0.0,1.0,0.0,"Twenty million Indians apply for 100,000 railway jobs https://t.co/DzmNwTG5wQ",Tue Mar 27 16:07:05 +0000 2018
71,@BBCWorld,0.0,0.0,1.0,0.0,When is a diplomat really just a spy? https://t.co/b8C7t86gI5,Tue Mar 27 15:52:10 +0000 2018
72,@BBCWorld,0.0,0.0,1.0,0.0,Why bear cubs are spending longer with their mothers https://t.co/LabQd7LPk3,Tue Mar 27 15:43:35 +0000 2018
73,@BBCWorld,0.7906,0.0,0.462,0.538,US teen author wins Astrid Lindgren prize https://t.co/X7PfD88XPo,Tue Mar 27 15:37:39 +0000 2018
74,@BBCWorld,-0.3182,0.277,0.723,0.0,Argentine government mocked over heterosexuality tweet https://t.co/Ve8pBTidUa,Tue Mar 27 14:28:00 +0000 2018
75,@BBCWorld,0.5106,0.0,0.852,0.148,".@NATO is reducing the size of the Russian mission to the organisation, in a ""strong message"" to Moscow after Salis… https://t.co/VKb4QKoy1a",Tue Mar 27 14:13:24 +0000 2018
76,@BBCWorld,-0.7269,0.504,0.496,0.0,Kemerovo fire: Crowds direct fury at Putin https://t.co/kfzgKL64BQ,Tue Mar 27 13:20:49 +0000 2018
77,@BBCWorld,-0.3612,0.192,0.688,0.12,"RT @BBCNews: ""I was on my own. Just trying to do my best""

Rob Grew - who helped in the aftermath of the Manchester Arena attack last year…",Tue Mar 27 13:13:14 +0000 2018
78,@BBCWorld,-0.5994,0.151,0.849,0.0,"It's 50 years since the death of Yuri Gagarin, the Russian cosmonaut who was the first man to travel into space ??? https://t.co/DB917VJ2Fl",Tue Mar 27 13:04:31 +0000 2018
79,@BBCWorld,-0.6808,0.195,0.805,0.0,"Saying goodbye to 'hell on earth'

After weeks of heavy bombardment thousands of people are being bussed from Easte… https://t.co/2hpW6mVKE2",Tue Mar 27 12:32:05 +0000 2018
80,@BBCWorld,-0.2023,0.205,0.795,0.0,Census 2020: US adds controversial citizenship question https://t.co/NZh16MUPM5,Tue Mar 27 12:24:01 +0000 2018
81,@BBCWorld,-0.743,0.422,0.578,0.0,Olivia de Havilland: Acting legend loses court battle over TV drama Feud https://t.co/TjsJ9zIHPc,Tue Mar 27 12:24:00 +0000 2018
82,@BBCWorld,0.0,0.0,1.0,0.0,This 98-year-old sports mascot nun is captivating Americans https://t.co/C6FSNOZQqi,Tue Mar 27 12:24:00 +0000 2018
83,@BBCWorld,0.0,0.0,1.0,0.0,Uber barred from resuming Arizona self-drive trial https://t.co/YTVM9Z0xbM,Tue Mar 27 12:24:00 +0000 2018
84,@BBCWorld,0.0,0.0,1.0,0.0,Mai Khoi: Vietnam detains activist singer after Europe tour https://t.co/x3ls91zSMd,Tue Mar 27 12:20:04 +0000 2018
85,@BBCWorld,0.0,0.0,1.0,0.0,Stephane Audran: French actress dies at 85 https://t.co/ojweEMIH5N,Tue Mar 27 12:20:04 +0000 2018
86,@BBCWorld,-0.5994,0.394,0.606,0.0,Eurovision-style scoring or new Cold War? https://t.co/uDPu5RHrFX,Tue Mar 27 12:04:34 +0000 2018
87,@BBCWorld,0.2023,0.0,0.859,0.141,A mountain lion goes for a casual prowl through some homes in California. ? https://t.co/iOXBdnaXRC,Tue Mar 27 12:01:09 +0000 2018
88,@BBCWorld,-0.6705,0.208,0.792,0.0,"RT @BBCBreaking: Fire crews were ""out of the loop"" and took two hours to attend after the Manchester Arena attack, a report says https://t.…",Tue Mar 27 11:02:23 +0000 2018
89,@BBCWorld,0.4939,0.0,0.758,0.242,Nelson Mandela's golden hand casts sell for $10m in bitcoin https://t.co/4Pcaukiv2X,Tue Mar 27 10:58:21 +0000 2018
90,@BBCWorld,0.0,0.0,1.0,0.0,"RT @BBC_HaveYourSay: The debate online: Where were you for #BlackLivesMatter?
https://t.co/C8aCx0i91W",Tue Mar 27 09:54:59 +0000 2018
91,@BBCWorld,0.0,0.0,1.0,0.0,"""Mad"" Mike Hughes flew his home-made rocket to try and 'prove' the earth is flat. ?? https://t.co/WSkHpfDAcc",Tue Mar 27 09:30:30 +0000 2018
92,@BBCWorld,0.4767,0.0,0.744,0.256,Porn stars call for respect after spate of deaths https://t.co/fB8VVLFLBj,Tue Mar 27 09:14:57 +0000 2018
93,@BBCWorld,-0.1531,0.138,0.862,0.0,Air New Zealand calls for drone legislation after near miss https://t.co/z9xU80ZNdo,Tue Mar 27 08:51:25 +0000 2018
94,@BBCWorld,0.0,0.0,1.0,0.0,Tiangong-1: Chinese space station may hit Earth 'in days' https://t.co/gbl4e9CBvS,Tue Mar 27 07:45:54 +0000 2018
95,@BBCWorld,-0.2023,0.153,0.847,0.0,Keith Raniere: Leader of Nxivm group charged with sex trafficking https://t.co/9aDhP2YhUu,Tue Mar 27 07:11:49 +0000 2018
96,@BBCWorld,0.2023,0.0,0.795,0.205,Justin Trudeau apologises for Canada Tsilhqot'in hangings https://t.co/dCObSz45ZO,Tue Mar 27 07:03:10 +0000 2018
97,@BBCWorld,0.0,0.0,1.0,0.0,Finding closure in the Falkland Islands https://t.co/WqBmBCN1LU,Tue Mar 27 06:35:26 +0000 2018
98,@BBCWorld,-0.7003,0.444,0.556,0.0,Going from slavery to being a millionaire https://t.co/cDww32MCeT,Tue Mar 27 06:23:33 +0000 2018
99,@BBCWorld,0.0,0.0,1.0,0.0,'Smoking' elephant in India baffles experts https://t.co/ciP6a0gr2z,Tue Mar 27 06:23:33 +0000 2018
100,@CBS,0.3818,0.108,0.68,0.212,Count on Entertainer Of The Year nominee @LukeBryanOnline to crash the party with an epic performance at the 53rd… https://t.co/27ua60HTqu,Tue Mar 27 21:00:01 +0000 2018
101,@CBS,0.296,0.0,0.901,0.099,Join @eltonofficial and some of today's hottest names in music when they take the stage to perform his most memorab… https://t.co/jz0jaShZIj,Tue Mar 27 17:00:00 +0000 2018
102,@CBS,0.508,0.0,0.88,0.12,"RT @ACMawards: The ACM for New Vocal Group of the Year goes to @MidlandOfficial! And yes, that really was @Reba on the phone! #ACMawards ht…",Mon Mar 26 22:14:25 +0000 2018
103,@CBS,0.0,0.0,1.0,0.0,"RT @ACMawards: In case you didn’t know, the ACM for New Male Vocalist of the Year goes to @BrettYoungMusic. Check out his reaction when @Re…",Mon Mar 26 20:42:48 +0000 2018
104,@CBS,0.7959,0.0,0.786,0.214,RT @ACMawards: Over the weekend @Reba called the ACM New Artist of the Year winners to let them know they had won! Let’s just say our New F…,Mon Mar 26 16:59:19 +0000 2018
105,@CBS,0.807,0.0,0.622,0.378,"Congratulations to the 53rd #ACMawards New Artist winners @Lauren_Alaina, @MidlandOfficial, and @BrettYoungMusic! W… https://t.co/Fr8H4arwGj",Mon Mar 26 16:05:18 +0000 2018
106,@CBS,0.0,0.0,1.0,0.0,New start times in East/Central Time Zones #60Minutes 7:35ET/6:35CT #Instinct  8:35ET/7:35CT #NCISLA 9:35ET/8:35CT… https://t.co/8W5hAeLrvs,Sun Mar 25 23:57:34 +0000 2018
107,@CBS,0.5319,0.062,0.78,0.157,Don’t miss a minute of the action. Stream the Elite Eight® games LIVE today starting at 2PM ET with a FREE trial of… https://t.co/8NwU8HdiHR,Sun Mar 25 17:15:25 +0000 2018
108,@CBS,0.5399,0.0,0.801,0.199,RT @MomCBS: That's a wrap on the #Mom panel at #PaleyFest! Thanks for following along! https://t.co/we4JgqPt6P,Sat Mar 24 22:46:53 +0000 2018
109,@CBS,-0.34,0.185,0.7,0.115,RT @MomCBS: A fan just commented that #Mom helped bring him out of a deep depression. ??? #PaleyFest,Sat Mar 24 22:46:43 +0000 2018
110,@CBS,0.7003,0.0,0.791,0.209,"RT @MomCBS: ""Go out for it anyway. If you're good for the role, you're good for the role."" @theJaimePressly's advice for aspiring actors wi…",Sat Mar 24 22:25:03 +0000 2018
111,@CBS,0.0,0.0,1.0,0.0,RT @MomCBS: Mom Co-Creator @GemmaRBaker just pointed out her own #Mom in the audience at #PaleyFest! ?,Sat Mar 24 22:21:37 +0000 2018
112,@CBS,0.0,0.0,1.0,0.0,"RT @MomCBS: ""I'm not someone in recovery who goes to AA, but I have taken so much away from it...to take one day at a time."" - @theJaimePre…",Sat Mar 24 22:21:34 +0000 2018
113,@CBS,0.7184,0.0,0.667,0.333,"RT @MomCBS: ""You get to appreciate working with such talented people."" - @AnnaKFaris #Mom #PaleyFest",Sat Mar 24 22:21:26 +0000 2018
114,@CBS,0.9451,0.0,0.58,0.42,RT @MomCBS: “I love this job. I love working with these women. I love working in front of the live audience… It’s alive and it’s fun.” - @A…,Sat Mar 24 22:21:23 +0000 2018
115,@CBS,0.0,0.0,1.0,0.0,"Get on your feet for @Jason_Aldean, @ThomasRhett, @ChrisStapleton, @KeithUrban, and @ChrisYoungMusic, the five nomi… https://t.co/oT5ogjdj4x",Sat Mar 24 20:00:02 +0000 2018
116,@CBS,0.6996,0.0,0.806,0.194,Get ready for some sweet games! Stream #5 Clemson vs #1 Kansas LIVE at 7PM ET and #11 Syracuse vs #2 Duke LIVE at 9… https://t.co/4WstgrKNnW,Fri Mar 23 22:33:52 +0000 2018
117,@CBS,0.4939,0.0,0.686,0.314,RT @SEALTeamCBS: In honor of #NationalPuppyDay... ? #SEALTeam https://t.co/4mIZPpiRlU,Fri Mar 23 22:33:04 +0000 2018
118,@CBS,0.8997,0.0,0.645,0.355,"RT @HawaiiFive0CBS: Nothing like a man and his dog! ?? Happy #NationalPuppyDay to Eddie, the best pup on the Five-0 Task Force! #H50 https:…",Fri Mar 23 22:32:48 +0000 2018
119,@CBS,0.0,0.0,1.0,0.0,Game on! 16 teams left and the race to the finish continues tonight. Stream #11 Loyola-Chicago vs #7 Nevada LIVE at… https://t.co/W374rmzzoC,Thu Mar 22 22:10:29 +0000 2018
120,@CBS,0.7081,0.066,0.623,0.311,Save the date! These are season finales you do NOT want to miss. RT if you're excited! https://t.co/UUQoWsPPSh https://t.co/cDl4WmxMtU,Thu Mar 22 20:52:02 +0000 2018
121,@CBS,0.636,0.0,0.802,0.198,Congratulations to all of the @CBSDaytime nominees for the #DaytimeEmmys! See the full list of #DaytimeEmmy nominee… https://t.co/ivJVJWvfsf,Thu Mar 22 00:23:38 +0000 2018
122,@CBS,0.0,0.0,1.0,0.0,Female Vocalist Of The Year nominee @MarenMorris will show her fans how it’s done when she takes the stage to showc… https://t.co/PITjmAoFT8,Wed Mar 21 18:00:01 +0000 2018
123,@CBS,0.5106,0.0,0.858,0.142,The legendary @Reba returns to host the 53rd #ACMawards and she’s proving just how comfortable she is behind the mi… https://t.co/XPXcSPRXqC,Tue Mar 20 20:00:01 +0000 2018
124,@CBS,0.0,0.0,1.0,0.0,RT @nancyodell: Told my daughter I'd be presenting at @ACMawards again this year. (Woot woot!We both luv country music!)She took this pic o…,Tue Mar 20 17:58:43 +0000 2018
125,@CBS,0.5562,0.0,0.826,0.174,RT @ladyantebellum: Ecstatic to announce we'll be performing at the #ACMawards in Las Vegas again this year! https://t.co/Qfhs94j6FR,Tue Mar 20 16:52:42 +0000 2018
126,@CBS,0.0,0.0,1.0,0.0,"Country superstars @kennychesney, @ladyantebellum, @blakeshelton, and @KeithUrban have just been added to the stell… https://t.co/bJ4If7MacP",Tue Mar 20 16:11:00 +0000 2018
127,@CBS,0.7845,0.072,0.619,0.309,"RT @YandR_CBS: Forever evolving, Forever inspiring, Forever Young and Restless. ?? Get ready to celebrate 45 years of #YR starting in just…",Mon Mar 19 21:02:26 +0000 2018
128,@CBS,0.0,0.0,1.0,0.0,New start times in East/Central Time Zones: #60Minutes 7:37ET/6:37CT #Instinct series premiere 8:37ET/7:37CT… https://t.co/xT3YKqmu2M,Sun Mar 18 23:44:30 +0000 2018
129,@CBS,0.6514,0.0,0.787,0.213,Spend your Sunday streaming Second Round games LIVE with a FREE trial of CBS All Access! https://t.co/3P85rXLy4b https://t.co/zbWfirD9Ju,Sun Mar 18 18:05:43 +0000 2018
130,@CBS,0.1867,0.0,0.92,0.08,"RT @instinctcbs: TONIGHT, Dr. Dylan Reinhart rewrites the book on abnormal behavior. Don't miss the premiere of #Instinct at 8/7c! https://…",Sun Mar 18 17:09:53 +0000 2018
131,@CBS,0.0,0.0,1.0,0.0,"If any duo knows how to rock the stage, it's @FLAGALine. The Vocal Duo Of The Year nominee will perform live at the… https://t.co/FknabB8NQp",Sat Mar 17 19:00:02 +0000 2018
132,@CBS,0.6166,0.0,0.839,0.161,How is your bracket looking after last night? Stream Second Round games LIVE today with a FREE trial of CBS All Acc… https://t.co/25JlIpgwog,Sat Mar 17 17:42:43 +0000 2018
133,@CBS,0.7096,0.0,0.753,0.247,Where better to spend #StPatricksDay than the place everybody knows your name? It’s just your luck that every singl… https://t.co/Fom5wmdENL,Sat Mar 17 14:00:03 +0000 2018
134,@CBS,0.296,0.0,0.896,0.104,Stars @JakeMcDorman and Nik Dodani will join the cast in the upcoming revival of Murphy Brown coming to CBS.… https://t.co/JCAx29lo0i,Fri Mar 16 22:53:21 +0000 2018
135,@CBS,0.0,0.0,1.0,0.0,"RT @thegoodfight: Go behind the scenes with costume designer @DanLawsonStyle in ""Behind The Style,"" a new weekly video series all about the…",Fri Mar 16 18:15:53 +0000 2018
136,@CBS,0.6514,0.0,0.822,0.178,The games have just begun! Continue to stream First Round games LIVE today with a FREE trial of CBS All Access:… https://t.co/YTGsJ48zYP,Fri Mar 16 16:28:40 +0000 2018
137,@CBS,0.7088,0.0,0.763,0.237,"RT @TheTalkCBS: You asked, we answered! The fun never ends when the ladies #KeepTalking and answer your fan questions ???? https://t.co/ie1…",Thu Mar 15 17:54:06 +0000 2018
138,@CBS,-0.4939,0.157,0.766,0.077,RT @instinctcbs: Dr. Dylan Reinhart is lured back into the field from his life of quiet academia when a certain serial killer makes things…,Thu Mar 15 17:20:26 +0000 2018
139,@CBS,0.6514,0.0,0.806,0.194,Stream First Round games LIVE today starting at 12PM ET with a FREE trial of CBS All Access! https://t.co/3P85rXLy4b https://t.co/vZow3YD8cb,Thu Mar 15 16:42:41 +0000 2018
140,@CBS,0.6115,0.0,0.734,0.266,RT @CBSSports: It's the most wonderful time of the year. #MarchMadness https://t.co/e4c9qohqSR,Thu Mar 15 14:32:16 +0000 2018
141,@CBS,0.6696,0.0,0.781,0.219,"Give these ladies some love! @Lauren_Alaina, @DBradbery, @carlypearce, and @RaeLynn are nominated for New Female Vo… https://t.co/IVhwURfJ3S",Wed Mar 14 19:30:01 +0000 2018
142,@CBS,0.3612,0.0,0.857,0.143,"RT @ManWithAPlan: Hungry for more #ManWithAPlan bloopers and behind-the-scenes videos featuring cast like @matt_leblanc, @thelizasnyder, @k…",Tue Mar 13 18:48:52 +0000 2018
143,@CBS,0.539,0.0,0.821,0.179,"Music stars @MileyCyrus, @edsheeran, @ladygaga, and more will honor the legendary @eltonofficial and his hit songs… https://t.co/UzxARCCLnI",Tue Mar 13 14:15:10 +0000 2018
144,@CBS,0.2244,0.0,0.917,0.083,RT @thegoodfight: The verdict is in. The new season of #TheGoodFight is ???! Stream it now on CBS All Access: https://t.co/FkYSNSXlRb https…,Mon Mar 12 18:13:28 +0000 2018
145,@CBS,0.0,0.0,1.0,0.0,"RT @MadamSecretary: In less than an hour, #MadamSecretary's Keith Carradine will be taking over the @MadamSecretary Twitter page! Tweet alo…",Mon Mar 12 01:20:43 +0000 2018
146,@CBS,0.4926,0.0,0.883,0.117,RT @DierksBentley: Take and post a photo of the woman in your life who inspires you daily! Use the hashtag #WomanAmenACM in your post for a…,Fri Mar 09 22:48:26 +0000 2018
147,@CBS,0.1275,0.092,0.795,0.113,"RT @MomCBS: If you missed guest star @KChenoweth in the latest episode of #Mom, not to worry! Watch now: https://t.co/RlvXoGOZ0l https://t.…",Fri Mar 09 22:24:20 +0000 2018
148,@CBS,0.4215,0.0,0.823,0.177,"Give a round of applause to @KelseaBallerini, @MirandaLambert, @Reba, @MarenMorris, and @CarrieUnderwood, the five… https://t.co/Ncp1BTXx6N",Fri Mar 09 21:10:21 +0000 2018
149,@CBS,0.8658,0.0,0.553,0.447,"RT @thegoodfight: Smart, sexy, and sophisticated. See what's coming this season on #TheGoodFight. https://t.co/CuKhx2G50P https://t.co/ygTI…",Fri Mar 09 18:27:28 +0000 2018
150,@CBS,0.0,0.0,1.0,0.0,RT @BlueBloods_CBS: Even stand-up guys fall down sometimes. #BlueBloods is new tonight at 10/9c! https://t.co/UOlDm22wWW,Fri Mar 09 16:02:27 +0000 2018
151,@CBS,0.8625,0.0,0.664,0.336,Today and every day we celebrate the women in our lives who empower and inspire us. Share a story about an influent… https://t.co/9rVtqrElvT,Thu Mar 08 18:00:49 +0000 2018
152,@CBS,0.4926,0.0,0.868,0.132,Take and post a photo of the woman in your life who inspires you daily! Use the hashtag #WomanAmenACM in your post… https://t.co/7ShhvE48zy,Thu Mar 08 17:03:04 +0000 2018
153,@CBS,-0.2023,0.23,0.619,0.15,"RT @thegoodfight: Meticulously constructed. Soapy &amp; sexy. Intoxicating, savage television. ? Here's what critics are saying about #TheGoodF…",Wed Mar 07 18:39:10 +0000 2018
154,@CBS,0.0,0.0,1.0,0.0,"This just in! @Jason_Aldean, @mirandalambert, @LukeBryanOnline, and many more are set to perform at the 53rd Academ… https://t.co/mfxw2VxzU4",Wed Mar 07 17:06:02 +0000 2018
155,@CBS,0.6705,0.0,0.756,0.244,"Meet the ensemble of talented actors slated to join $1, a new mystery series coming to CBS All Access:… https://t.co/QoyYv7vxwg",Tue Mar 06 18:10:59 +0000 2018
156,@CBS,0.3818,0.0,0.833,0.167,"Will @Jason_Aldean, @garthbrooks, @LukeBryanOnline, @ChrisStapleton, or @KeithUrban be named Entertainer Of The Yea… https://t.co/rMD8zjeX3s",Mon Mar 05 22:16:43 +0000 2018
157,@CBS,0.4404,0.0,0.884,0.116,"RT @thegoodfight: It feels good to be back. ??? The season 2 premiere of #TheGoodFight is now streaming, exclusively on CBS All Access: htt…",Sun Mar 04 08:05:26 +0000 2018
158,@CBS,0.0,0.0,1.0,0.0,"RT @thegoodfight: Tomorrow, #TheGoodFight is back. Stream the season 2 premiere only on CBS All Access: https://t.co/tNFR8LBJO2 https://t.c…",Sat Mar 03 20:55:20 +0000 2018
159,@CBS,0.7096,0.0,0.753,0.247,"Who are the trailblazing women in your life that inspire you? Join CBS and the ANA's #SeeHer initiative, celebratin… https://t.co/M0KqZ41Bes",Fri Mar 02 22:30:01 +0000 2018
160,@CBS,0.7096,0.0,0.718,0.282,"Join @maria_bello, @aishatyler and @TeaLeoni in celebrating the accomplishments of women who have contributed to th… https://t.co/MefESBeFL3",Fri Mar 02 20:30:01 +0000 2018
161,@CBS,0.4939,0.0,0.849,0.151,"In honor of Women's History Month, CBS and the Association of National Advertisers' (ANA) #SeeHer initiative will p… https://t.co/2wtYxKJVuO",Fri Mar 02 18:45:00 +0000 2018
162,@CBS,-0.6981,0.21,0.79,0.0,RT @ZoeListerJones: Tonight’s an all new Life In Pieces and it’s directed by my ride or die @nataliaanderson!!!… https://t.co/2LPfmyLWrY,Thu Mar 01 18:59:01 +0000 2018
163,@CBS,0.4547,0.092,0.749,0.159,"RT @MarenMorris: Hot damn! Woke up from my post-wisdom teeth haze to find out I’m up for 4 @ACMawards ! So honored, especially for the Dear…",Thu Mar 01 18:12:57 +0000 2018
164,@CBS,0.8591,0.0,0.462,0.538,RT @KelseaBallerini: Ohhhhh goodness. Incredible. Thank you thank you thank you. #female https://t.co/1ZTYjNfQeF,Thu Mar 01 18:11:50 +0000 2018
165,@CBS,0.4885,0.151,0.615,0.234,RT @KeithUrban: ACMs...... HOLY SMOKES!!!!! MAD LOVE TO U ALL THIS MORNING  FOR THESE INCREDIBLE NOMINATIONS. I’M EXTREMELY GRATEFUL!!!!!!!…,Thu Mar 01 18:10:50 +0000 2018
166,@CBS,0.5994,0.0,0.822,0.178,"RT @ACMawards: Congratulations to this year’s #ACMawards Video of the Year nominees:
“Black” - @DierksBentley
“It Ain’t My Fault” - @Brothe…",Thu Mar 01 14:36:21 +0000 2018
167,@CBS,0.7717,0.0,0.675,0.325,"RT @ACMawards: Please give a round of applause to this year’s #ACMawards Entertainer of the Year nominees: @Jason_Aldean, @GarthBrooks, @Lu…",Thu Mar 01 14:29:20 +0000 2018
168,@CBS,0.6908,0.0,0.725,0.275,".@ChrisStapleton, @ThomasRhett, @mirandalambert and more are all nominated for awards at Country Music's Party of t… https://t.co/Vm1vXRUDYJ",Thu Mar 01 14:15:29 +0000 2018
169,@CBS,0.0,0.0,1.0,0.0,"The Queen of Country, @Reba, is returning to host the 53rd #ACMawards on Sunday, April 15 at 8/7c. Here are a few o… https://t.co/Iqzz6Gql01",Thu Mar 01 13:50:11 +0000 2018
170,@CBS,0.0,0.0,1.0,0.0,RT @survivorcbs: It’s time! #Survivor https://t.co/YPk6cGWrUA,Thu Mar 01 01:04:52 +0000 2018
171,@CBS,0.0,0.0,1.0,0.0,"RT @CBSThisMorning: TOMORROW: The nominees for the 2018 @ACMawards will be announced live by the one-and-only, @Reba! 

Watch on @CBS in ou…",Wed Feb 28 19:56:58 +0000 2018
172,@CBS,0.4404,0.0,0.884,0.116,"RT @thegoodfight: From the set design and costumes to hair and makeup, the production quality is truly next-level. Take a peek inside the u…",Wed Feb 28 19:08:30 +0000 2018
173,@CBS,0.5562,0.0,0.848,0.152,RT @LivinBiblically: The fun continues on Facebook! The #LivingBiblically cast is live to talk about tonight’s premiere. Tune in here: http…,Tue Feb 27 03:23:47 +0000 2018
174,@CBS,0.0,0.0,1.0,0.0,"RT @KevinCanWaitCBS: Can you get all the way through these #KevinCanWait bloopers without laughing?! @KevinJames,@LeahRemini and the rest o…",Mon Feb 26 22:50:32 +0000 2018
175,@CBS,0.0,0.0,1.0,0.0,"RT @ACMawards: That’s right! @Reba is headed to @CBSThisMorning on Thursday, March 1 to announce this year’s #ACMAwards' nominees. Tune in…",Mon Feb 26 21:08:30 +0000 2018
176,@CBS,0.4482,0.0,0.895,0.105,"RT @ScorpionCBS: You can't hack your way to a 197 IQ, but you are well on your way with these Genius Facts from #TeamScorpion! ? You can be…",Mon Feb 26 19:53:41 +0000 2018
177,@CBS,0.784,0.0,0.734,0.266,RT @SuperiorDonuts: You can always count on @DavidKoechner for a laugh! Did your favorite Tush moment make the list? Catch a new #SuperiorD…,Mon Feb 26 18:32:36 +0000 2018
178,@CBS,0.9359,0.0,0.571,0.429,RT @TheTalkCBS: TODAY: We loved them together then &amp; we love seeing them together now! Welcome back to the show @THESaraGilbert?'s good fri…,Mon Feb 26 18:20:16 +0000 2018
179,@CBS,-0.5423,0.184,0.816,0.0,"RT @thegoodfight: As foundations begin to crumble, our characters struggle to make sense of this new dystopian world. The cast teases what'…",Mon Feb 26 16:53:56 +0000 2018
180,@CBS,0.0,0.0,1.0,0.0,"#LivingBiblically's @linzkraft and @jrfergjr appeared on @KCBS's Facebook Live this morning, talking all about what… https://t.co/4RebcHuuMQ",Mon Feb 26 16:52:01 +0000 2018
181,@CBS,0.0,0.0,1.0,0.0,"RT @CBSSports: Introducing CBS Sports HQ, a New 24/7 Direct-to-Consumer Streaming Network for Sports News, Highlights, &amp; Analysis.

Stream…",Mon Feb 26 16:17:55 +0000 2018
182,@CBS,0.7644,0.0,0.769,0.231,"RT @CBSBigBrother: It’s down to the final 5 celebrity Houseguests, and anyone could take home the grand prize! Tune in NOW to watch the #BB…",Mon Feb 26 01:12:32 +0000 2018
183,@CBS,0.0,0.0,1.0,0.0,RT @startrekcbs: Binge the entire first season of #StarTrekDiscovery. All episodes now streaming exclusively on CBS All Access: https://t.c…,Sun Feb 25 21:51:32 +0000 2018
184,@CBS,0.0,0.0,1.0,0.0,"RT @thegoodfight: #TheGoodFight returns in 1 week. Season 2 premieres Sunday, March 4. https://t.co/nomCao1GWp https://t.co/BOn6bOe9Tb",Sun Feb 25 21:51:22 +0000 2018
185,@CBS,0.5093,0.0,0.845,0.155,RT @thegoodfight: This is our new favorite thing. Christine Baranski debuted #TheGoodFight the Musical on @colbertlateshow last night! ??…,Fri Feb 23 18:15:40 +0000 2018
186,@CBS,0.0,0.0,1.0,0.0,"RT @LivinBiblically: Confession time: have YOU ever hit the ""close door"" button in an elevator while somebody was approaching? The cast of…",Thu Feb 22 19:26:52 +0000 2018
187,@CBS,0.0,0.0,1.0,0.0,RT @CBSEyeSpeak: Mark your calendars! #CBSEyeSpeak kicks off March 14 with The EYE Speak Summit. Follow our page for more details! https://…,Wed Feb 21 19:20:04 +0000 2018
188,@CBS,0.6808,0.0,0.752,0.248,"RT @CBSEyeSpeak: Proud to announce a new CBS initiative, promoting female empowerment and developing the next generation of leaders through…",Wed Feb 21 18:19:25 +0000 2018
189,@CBS,0.4404,0.0,0.884,0.116,"RT @LivinBiblically: When you're living by the Bible, it's good to have a priest and a rabbi on call (provided they answer their phones, th…",Tue Feb 20 19:55:19 +0000 2018
190,@CBS,-0.4019,0.119,0.881,0.0,"RT @thegoodfight: Chicago lawyers are being hunted and the world is going insane. 

The new season of #TheGoodFight premieres Sunday, March…",Tue Feb 20 17:58:18 +0000 2018
191,@CBS,0.3612,0.0,0.872,0.128,Ready for some larger than life competition? This new series from @MarkBurnettTV will premiere in summer 2018.… https://t.co/gDXHLdIJ5v,Tue Feb 20 17:39:51 +0000 2018
192,@CBS,0.6124,0.0,0.773,0.227,"With tournament dreams on the line, make sure to stream these college basketball matchups on CBS All Access:… https://t.co/SGkYUZrQWB",Sat Feb 17 01:07:20 +0000 2018
193,@CBS,0.3182,0.0,0.892,0.108,"RT @LivinBiblically: While Chip's sticking to the Bible's original rules, the cast of #LivingBiblically has given them a more modern makeov…",Fri Feb 16 18:42:43 +0000 2018
194,@CBS,0.68,0.0,0.752,0.248,"Casting News! Peter Mark Kendall, Michael Gaston, Greg Wise, Rade Šerbedžija, Zack Pearlman, and Keye Chen join the… https://t.co/GFob2KrD8H",Fri Feb 16 17:48:20 +0000 2018
195,@CBS,0.8619,0.0,0.534,0.466,RT @BullCBS: The verdict is in...#Bull is the perfect Valentine! ?? Happy #ValentinesDay! https://t.co/poEejI4AnC,Wed Feb 14 19:23:27 +0000 2018
196,@CBS,0.0,0.0,1.0,0.0,"RT @NoActivityCBS: Car 27 reporting: Season 2 of #NoActivity coming soon!

Binge season one now on CBS All Access: https://t.co/yvxoQMeyhN…",Tue Feb 13 20:03:56 +0000 2018
197,@CBS,0.7506,0.0,0.748,0.252,"RT @LivinBiblically: Against all odds (and the advice of his God Squad), Chip is determined to live life by the Good Book. Think you could…",Tue Feb 13 18:54:52 +0000 2018
198,@CBS,0.0,0.0,1.0,0.0,RT @thegoodfight: Christine Baranski reflects upon the spectacular metamorphosis of her character in #TheGoodFight's first season. Revisit…,Mon Feb 12 18:49:45 +0000 2018
199,@CBS,0.0,0.0,1.0,0.0,RT @startrekcbs: Binge the entire first season of #StarTrekDiscovery. All 15 episodes now streaming on CBS All Access: https://t.co/lKLaptP…,Mon Feb 12 01:32:33 +0000 2018
200,@CNN,0.25,0.0,0.917,0.083,"As the Stormy Daniels saga plays out in the news, Trump hasn't held a public event at the White House all week, and… https://t.co/x7rJ4VexWW",Wed Mar 28 15:42:17 +0000 2018
201,@CNN,0.0,0.0,1.0,0.0,"Australia just released its report on an investigation into mesh implants that left some women with ""rotting pelvis… https://t.co/SiUOmyOiY6",Wed Mar 28 15:33:58 +0000 2018
202,@CNN,0.7184,0.0,0.714,0.286,The amazing turnaround for BlackBerry continues: Shares were up early Wednesday after the company reported earnings… https://t.co/Fve8YzCdOn,Wed Mar 28 15:23:04 +0000 2018
203,@CNN,-0.128,0.07,0.93,0.0,"Here are some of the things US taxpayers are getting for their $700 billion military budget:
-F-35 Joint Strike Fig… https://t.co/cos7DJW790",Wed Mar 28 15:15:22 +0000 2018
204,@CNN,0.0,0.0,1.0,0.0,Former Sen. Rick Santorum says he misspoke earlier this week when suggesting that students should learn CPR instead… https://t.co/pxqONULrqK,Wed Mar 28 15:01:14 +0000 2018
205,@CNN,0.0,0.0,1.0,0.0,CNN's Anderson Cooper will host a town hall with former FBI Director James Comey on April 25 https://t.co/6ggD8uNOTw https://t.co/rlGXRvofuu,Wed Mar 28 14:50:00 +0000 2018
206,@CNN,0.4215,0.157,0.602,0.241,"Restaurant partnerships with third parties like GrubHub and Uber Eats come with serious risks, including shrinking… https://t.co/N56AFeexmv",Wed Mar 28 14:42:43 +0000 2018
207,@CNN,0.0,0.0,1.0,0.0,Of course Trump was going to seize on the far-fetched Second Amendment repeal idea | Analysis by @zbyronwolf https://t.co/LfQhvCLmCn,Wed Mar 28 14:32:23 +0000 2018
208,@CNN,0.34,0.0,0.888,0.112,"Former sheriff Joe Arpaio suggested that he would, if elected to the Senate, revive the debunked ""birther"" claim th… https://t.co/3DH2q0N76n",Wed Mar 28 14:16:30 +0000 2018
209,@CNN,0.0,0.0,1.0,0.0,A data-crunching firm co-founded by Facebook board member Peter Thiel is investigating links between one of its emp… https://t.co/X3tVZjl0OC,Wed Mar 28 14:04:15 +0000 2018
210,@CNN,-0.7579,0.289,0.711,0.0,Two designers of a massive waterslide in Kansas have been charged with second-degree murder in connection with the… https://t.co/SujkSD20zo,Wed Mar 28 13:51:17 +0000 2018
211,@CNN,0.0,0.0,1.0,0.0,"The internet is burning with theories about ""Bite-gate"" after Tiffany Haddish said an actress bit Beyoncé last Dece… https://t.co/BPNAjJHFFp",Wed Mar 28 13:38:58 +0000 2018
212,@CNN,-0.4019,0.197,0.803,0.0,Here's an unheard-of problem: The US President can't find a laywer https://t.co/UTnhdFZ3yj https://t.co/rDX2NTATUQ,Wed Mar 28 13:27:16 +0000 2018
213,@CNN,0.4215,0.0,0.781,0.219,Facebook is making its privacy settings easier to find https://t.co/SCyngOIRup https://t.co/HLTAddbhgn,Wed Mar 28 13:16:02 +0000 2018
214,@CNN,-0.4588,0.143,0.857,0.0,Facebook isn't the only big internet business whose stock is taking a beating — China's biggest tech stock is getti… https://t.co/1tIMEEB5qI,Wed Mar 28 13:04:28 +0000 2018
215,@CNN,0.0,0.0,1.0,0.0,"Sen. John McCain is penning ""his most personal book in years"" that will offer ""his no-holds-barred opinions on the… https://t.co/IpyMM8t0E9",Wed Mar 28 12:52:25 +0000 2018
216,@CNN,-0.5106,0.171,0.829,0.0,"All 22 Democratic and Republican female senators have written a letter expressing their ""deep disappointment"" in th… https://t.co/UYuQYgCm1t",Wed Mar 28 12:41:05 +0000 2018
217,@CNN,0.0,0.0,1.0,0.0,Stormy Daniels' attorney has filed a motion in federal court seeking to depose President Donald Trump and his lawye… https://t.co/kshk7QvYq8,Wed Mar 28 12:29:39 +0000 2018
218,@CNN,0.0,0.0,1.0,0.0,A citizenship question on the 2020 Census could prompt a blank response from non-citizens https://t.co/UWVTK1QP2c https://t.co/QIB4wkq2Ry,Wed Mar 28 12:18:08 +0000 2018
219,@CNN,0.0,0.0,1.0,0.0,China throws Trump a curveball ahead of his meeting with Kim https://t.co/l7oSpihm9g,Wed Mar 28 12:07:09 +0000 2018
220,@CNN,-0.34,0.244,0.595,0.161,The UK's biggest left-wing party is mired in an antisemitism crisis https://t.co/5E7sGUcAms,Wed Mar 28 11:56:15 +0000 2018
221,@CNN,-0.4019,0.231,0.769,0.0,An unheard-of problem: The President can't find a lawyer https://t.co/5b8ZDhUgJh https://t.co/l0Q9dGmYI5,Wed Mar 28 11:46:03 +0000 2018
222,@CNN,-0.802,0.34,0.66,0.0,"Yesterday, Sacramento residents voiced their outrage over Stephon Clark's shooting death, causing a city council me… https://t.co/1H5MvdPsSt",Wed Mar 28 11:35:45 +0000 2018
223,@CNN,0.296,0.0,0.891,0.109,Not all of California opposes President Donald Trump's immigration policies: Orange County has voted to join the fe… https://t.co/1cOjyCcNvm,Wed Mar 28 11:25:33 +0000 2018
224,@CNN,-0.4019,0.184,0.816,0.0,Two states where Democrats are looking for a wave to crash in November https://t.co/NvyGVqMacK,Wed Mar 28 11:15:22 +0000 2018
225,@CNN,0.5574,0.0,0.825,0.175,"For the second time this term, the Supreme Court will take up the issue of partisan gerrymandering… https://t.co/FgxCKGvmf8",Wed Mar 28 11:04:53 +0000 2018
226,@CNN,0.1027,0.14,0.7,0.16,RT @cnni: Mourners clutching umbrellas line the streets of Paris today to honor him #HommageNational https://t.co/aAxDeAkV6u,Wed Mar 28 10:49:31 +0000 2018
227,@CNN,-0.4215,0.28,0.591,0.129,Facebook has lost $80 billion in market value since its data scandal https://t.co/pwtYufwwLh https://t.co/R7L4L5SzIC,Wed Mar 28 10:16:07 +0000 2018
228,@CNN,0.3612,0.0,0.878,0.122,This is what life is like for would-be immigrants to the US from Mexico and Central America https://t.co/ZuKO2IJOqv https://t.co/bXqCKMBluJ,Wed Mar 28 10:02:08 +0000 2018
229,@CNN,0.3384,0.0,0.888,0.112,This $200 billion solar power project in Saudi Arabia would generate far more energy than any existing solar project https://t.co/k8H2l20Al2,Wed Mar 28 09:52:44 +0000 2018
230,@CNN,0.0772,0.0,0.942,0.058,The census is the basis for the number of representatives each state gets in the House of Representatives and how b… https://t.co/I7ijmYVcSb,Wed Mar 28 09:41:32 +0000 2018
231,@CNN,0.4215,0.0,0.882,0.118,Next month comes the true test: When Kim Jong Un meets with South Korean leader Moon Jae-in and US President Donald… https://t.co/r9sboOiaIH,Wed Mar 28 09:29:49 +0000 2018
232,@CNN,-0.5106,0.171,0.829,0.0,"All 22 Democratic and Republican female senators have written a letter expressing their ""deep disappointment"" in th… https://t.co/HUIQ3Vj4cv",Wed Mar 28 09:18:28 +0000 2018
233,@CNN,-0.0772,0.08,0.854,0.065,The number of eggs and embryos affected by a fertility clinic freezer malfunction has doubled -- and it's unlikely… https://t.co/LQDnznSqlq,Wed Mar 28 08:58:04 +0000 2018
234,@CNN,-0.4019,0.231,0.769,0.0,An unheard-of problem: The President can't find a lawyer https://t.co/tDqNcNZIXC https://t.co/sjFxqLrgxf,Wed Mar 28 08:47:03 +0000 2018
235,@CNN,0.4019,0.0,0.816,0.184,"Yes, a sitting president can be indicted, says former acting solicitor general https://t.co/AZRaJFJcYq https://t.co/rpNLic19yy",Wed Mar 28 08:35:48 +0000 2018
236,@CNN,0.34,0.0,0.862,0.138,This blue diamond is going on sale for the first time in its history https://t.co/8ydJZDBC2J https://t.co/c5TF5Foxsh,Wed Mar 28 08:24:57 +0000 2018
237,@CNN,0.0,0.0,1.0,0.0,4 things to know about your cryptocurrency at tax time https://t.co/EhtSCOrgWI https://t.co/Cd45ZpYxu4,Wed Mar 28 08:14:15 +0000 2018
238,@CNN,0.2732,0.0,0.851,0.149,North Korea's Kim Jong Un just made a surprise visit to China https://t.co/D2VD2c5dN2 https://t.co/FOEYnpHa72,Wed Mar 28 07:58:00 +0000 2018
239,@CNN,0.3818,0.0,0.729,0.271,Stunning photos capture Egypt's ancient underworld https://t.co/3OMXtOdOET https://t.co/vBslFULrey,Wed Mar 28 07:53:07 +0000 2018
240,@CNN,0.2732,0.0,0.792,0.208,Presidential misspellings create a spike in dictionary searches https://t.co/CWxTXMgWoo https://t.co/AqUYEPwHrg,Wed Mar 28 07:31:15 +0000 2018
241,@CNN,0.4939,0.0,0.814,0.186,Former Disney Channel star Caroline Sunshine is joining the White House press team https://t.co/0xzzdpWBda https://t.co/gWIWjBsubx,Wed Mar 28 07:08:07 +0000 2018
242,@CNN,0.0,0.0,1.0,0.0,Playboy says it's leaving Facebook over the social network's handling of user data https://t.co/x6XaykSzz7 https://t.co/4q6JtV8x52,Wed Mar 28 06:51:01 +0000 2018
243,@CNN,-0.5719,0.252,0.748,0.0,"Surrounded by hawks, Mattis digs in amid Trump admin chaos https://t.co/hzo5tqVEiB https://t.co/zpMK8cs323",Wed Mar 28 06:34:38 +0000 2018
244,@CNN,0.0,0.0,1.0,0.0,Researchers have detailed the structure and distribution of spaces in your body that they say represent a newfound… https://t.co/ssGm7w96WZ,Wed Mar 28 06:31:06 +0000 2018
245,@CNN,0.0,0.0,1.0,0.0,The US and South Korea are striking a new trade deal. Here's what you need to know https://t.co/abSgyPxnfK https://t.co/hkGt5hMX5G,Wed Mar 28 06:26:06 +0000 2018
246,@CNN,0.2732,0.0,0.792,0.208,Presidential misspellings create a spike in dictionary searches https://t.co/22k30o3GBt https://t.co/k8l11vyghZ,Wed Mar 28 06:16:05 +0000 2018
247,@CNN,0.0,0.0,1.0,0.0,A 21-year-old journalist is making headlines in Pakistan by becoming the country's first transgender news anchor… https://t.co/4N5Fgz2grz,Wed Mar 28 06:01:35 +0000 2018
248,@CNN,0.0,0.0,1.0,0.0,"A sitting president can be indicted, says former acting solicitor general https://t.co/XojbRcKMcu https://t.co/rCeyhapvqg",Wed Mar 28 05:58:19 +0000 2018
249,@CNN,-0.4767,0.205,0.795,0.0,"Venezuela's health system is in worse condition than expected, according to survey https://t.co/xuW8v8XGtO",Wed Mar 28 05:48:33 +0000 2018
250,@CNN,0.0,0.0,1.0,0.0,North Atlantic right whales may be on edge of extinction. There's been zero births this year.… https://t.co/DF4Vieqlpa,Wed Mar 28 05:46:05 +0000 2018
251,@CNN,0.3818,0.0,0.729,0.271,Stunning photos capture Egypt's ancient underworld https://t.co/dGrCOQxEex https://t.co/AqKFFSZOCe,Wed Mar 28 05:31:06 +0000 2018
252,@CNN,0.1779,0.1,0.769,0.131,"Heineken has pulled an ad with the tagline ""Sometimes lighter is better"" after critics slammed it as racist.… https://t.co/cJ3fWyLp4y",Wed Mar 28 05:16:04 +0000 2018
253,@CNN,0.2732,0.0,0.9,0.1,"Former President Barack Obama says he aspires to create ""a million young Barack Obamas or Michelle Obamas"" who will… https://t.co/1QpomqEwNc",Wed Mar 28 05:01:00 +0000 2018
254,@CNN,-0.2732,0.11,0.89,0.0,Apple co-founder Steve Jobs warned about privacy issues in tech at a conference in 2010. Facebook's Mark Zuckerberg… https://t.co/z4A3NW8cBb,Wed Mar 28 04:46:00 +0000 2018
255,@CNN,0.806,0.0,0.697,0.303,"""They didn't have to kill him like that. They didn't have to shoot him that many times."" The grandmother of Stephon… https://t.co/4pvJGbpw9J",Wed Mar 28 04:31:45 +0000 2018
256,@CNN,-0.4404,0.146,0.854,0.0,"Facebook's stock has plunged 18% amid its data scandal, wiping out nearly $80 billion in market value… https://t.co/qm59i14Pq0",Wed Mar 28 04:16:02 +0000 2018
257,@CNN,0.0,0.0,1.0,0.0,Democrats may already be 35% of the way to a House majority https://t.co/Ya3cFVnqud | Analysis by Harry Enten https://t.co/PKanQAjkpg,Wed Mar 28 03:46:03 +0000 2018
258,@CNN,-0.34,0.107,0.893,0.0,England's health agency is warning parents to be aware of the signs and symptoms of scarlet fever as infections con… https://t.co/vKJ6QOKqmv,Wed Mar 28 03:31:06 +0000 2018
259,@CNN,-0.4522,0.135,0.865,0.0,Blue states are far more likely to lose money and power over Census citizenship question | Analysis by CNN's Harry… https://t.co/13EWDxnd6X,Wed Mar 28 03:16:04 +0000 2018
260,@CNN,-0.1531,0.078,0.922,0.0,"An Ohio fertility clinic says more than 4,000 eggs and embryos were affected by a freezer malfunction, double the n… https://t.co/0EZ5F2Ua6p",Wed Mar 28 03:10:02 +0000 2018
261,@CNN,0.5574,0.0,0.753,0.247,"Wall Street bonuses soar 17% to an average of $184,200 https://t.co/qlOQGfehL8 https://t.co/1bw7FWYwwl",Wed Mar 28 03:01:06 +0000 2018
262,@CNN,0.0,0.0,1.0,0.0,"Waymo and Jaguar unveil a self-driving, electric SUV https://t.co/DTylJKCuML https://t.co/2aD3JXwfGM",Wed Mar 28 02:46:06 +0000 2018
263,@CNN,0.0,0.0,1.0,0.0,11 reasons (besides the NCAA Final Four) to visit San Antonio https://t.co/1YGqpmrZKz via @CNNTravel https://t.co/Vi45YehYXR,Wed Mar 28 02:39:04 +0000 2018
264,@CNN,0.4939,0.0,0.814,0.186,Former Disney Channel star Caroline Sunshine is joining the White House press team https://t.co/rOYDj2tPs1 https://t.co/xamwbkWP7h,Wed Mar 28 02:34:40 +0000 2018
265,@CNN,-0.296,0.115,0.885,0.0,"Walmart says it will stop selling Cosmopolitan magazine in checkout lines 

The National Center on Sexual Exploitat… https://t.co/oJWSfJKGk2",Wed Mar 28 02:31:54 +0000 2018
266,@CNN,-0.5574,0.205,0.795,0.0,"Prince had a ""exceedingly high"" concentration of fentanyl in his body when he died https://t.co/xzXGWvrqky https://t.co/5CBfqJYBNs",Wed Mar 28 02:31:02 +0000 2018
267,@CNN,-0.1531,0.078,0.922,0.0,"An Ohio fertility clinic says more than 4,000 eggs and embryos were affected by a freezer malfunction, double the n… https://t.co/2kUalNEtFo",Wed Mar 28 02:26:05 +0000 2018
268,@CNN,0.0,0.0,1.0,0.0,President Trump has privately floated the idea of funding construction of a border wall with Mexico through the US… https://t.co/OVJnG1Arkl,Wed Mar 28 02:23:04 +0000 2018
269,@CNN,-0.5267,0.139,0.861,0.0,"Sean Penn, who has done work in Haiti for years, says he felt ""deep hurt"" following the controversy over Pres. Trum… https://t.co/jkTdsZtERk",Wed Mar 28 02:20:30 +0000 2018
270,@CNN,0.0,0.0,1.0,0.0,"Actor Sean Penn smoked a cigarette during an interview on ""The Late Show With Stephen Colbert,"" and viewers had a s… https://t.co/DYMvSOouIc",Wed Mar 28 02:16:06 +0000 2018
271,@CNN,0.0,0.0,1.0,0.0,RT @CNNTonight: The White House defends President Trump's silence on allegations leveled against him by Stormy Daniels https://t.co/xPKWwph…,Wed Mar 28 02:15:52 +0000 2018
272,@CNN,-0.7906,0.292,0.708,0.0,"Larry Nassar's former boss at Michigan State University used his power to sexually assault, harass, and solicit nud… https://t.co/X7BiNzGTGV",Wed Mar 28 02:08:05 +0000 2018
273,@CNN,0.0,0.0,1.0,0.0,"RT @AC360: As his administration doubles down on building a border wall, President Trump suggests the US military may foot the bill https:/…",Wed Mar 28 02:02:53 +0000 2018
274,@CNN,0.2023,0.0,0.843,0.157,"Progressives, states and civil rights advocates are preparing a flurry of legal challenges to the Trump administrat… https://t.co/COBpw3wtor",Wed Mar 28 02:01:03 +0000 2018
275,@CNN,-0.5267,0.195,0.805,0.0,How Russian President Vladimir Putin's arrogance handed UK Prime Minister Theresa May a diplomatic coup… https://t.co/Nub4iViDPH,Wed Mar 28 01:53:05 +0000 2018
276,@CNN,0.0258,0.0,0.95,0.05,Is bread crust more nutritious than its inner crumb? The variety you choose may matter more than whether you eat th… https://t.co/clki6ZwPYZ,Wed Mar 28 01:46:05 +0000 2018
277,@CNN,0.2732,0.0,0.905,0.095,"North Korean leader Kim Jong Un met with the China's Xi Jinping during a surprise trip to Beijing this week, state… https://t.co/UHIZDKXeob",Wed Mar 28 01:34:55 +0000 2018
278,@CNN,0.0,0.0,1.0,0.0,"In Trump's world, once you check in, you rarely check out https://t.co/bHZg0WgmkX https://t.co/uWZA9cEJu8",Wed Mar 28 01:31:21 +0000 2018
279,@CNN,0.0,0.0,1.0,0.0,The children are Democrats' future | By Jesse Ferguson via @CNNOpinion https://t.co/xBaMfKTzhZ https://t.co/3iFNq6BHav,Wed Mar 28 01:31:07 +0000 2018
280,@CNN,0.0772,0.0,0.936,0.064,FBI Director Christopher Wray said he is doubling the number of FBI personnel tasked with reviewing a large set of… https://t.co/EJynfU7wlW,Wed Mar 28 01:23:06 +0000 2018
281,@CNN,0.2023,0.11,0.748,0.142,"Attorney for brother of slain DNC staffer Seth Rich: Internet activists are spreading lies ""as far and wide"" as the… https://t.co/XUbhZLGXtJ",Wed Mar 28 01:20:32 +0000 2018
282,@CNN,0.3182,0.0,0.897,0.103,Government ethics lawyers advised Ivanka Trump to make sure to keep her White House role separate as she planned to… https://t.co/eeBfMRZNs5,Wed Mar 28 01:06:05 +0000 2018
283,@CNN,0.4767,0.0,0.693,0.307,Michael Cohen — President Trump's loyal fixer https://t.co/I3QjtsNaAZ https://t.co/vEdKQK669d,Wed Mar 28 01:01:39 +0000 2018
284,@CNN,-0.2924,0.127,0.873,0.0,Is the White House Counsel's Office looking into Jared Kushner? The answer isn't clear. https://t.co/lbQxxFZlPX https://t.co/Fdas6E1nO6,Wed Mar 28 01:01:05 +0000 2018
285,@CNN,-0.5267,0.185,0.815,0.0,"RT @AC360: Seth Rich's brother sues right-wing activists, Washington Times over conspiracy theories: @GaryTuchmanCNN reports https://t.co/1…",Wed Mar 28 00:57:23 +0000 2018
286,@CNN,0.2846,0.0,0.893,0.107,"Keeping Them Honest: The President sees himself as a “counter-puncher,” but when it comes to Stormy Daniels, all we… https://t.co/i7sXcnh0mI",Wed Mar 28 00:56:10 +0000 2018
287,@CNN,0.0,0.0,1.0,0.0,The US needs to borrow almost $300 billion this week https://t.co/ZYuVjMl9H5 https://t.co/xqpI8iWojN,Wed Mar 28 00:51:48 +0000 2018
288,@CNN,0.0,0.0,1.0,0.0,China raised eyebrows this month by announcing it will give the Economic Community of West African States a $31.6 m… https://t.co/dgRkS4pNdV,Wed Mar 28 00:45:47 +0000 2018
289,@CNN,0.0,0.0,1.0,0.0,RT @AC360: China confirms: Kim Jong Un made a visit to Beijing https://t.co/mCREpkhOLd https://t.co/qoCsm4ZYzD,Wed Mar 28 00:40:26 +0000 2018
290,@CNN,0.0,0.0,1.0,0.0,"Former President George W. Bush may have retired his political penny loafers, but his dancing shoes? Those haven't… https://t.co/K4DjLuftKI",Wed Mar 28 00:36:50 +0000 2018
291,@CNN,0.0,0.0,1.0,0.0,"""Tonight, the President, still uncharacteristically silent."" With the news dominated by stories of alleged affairs… https://t.co/ywrY4xrHbh",Wed Mar 28 00:32:04 +0000 2018
292,@CNN,-0.8266,0.338,0.662,0.0,"After spending 23 years in prison for a crime he didn't commit, Nevest Coleman is back working as a groundskeeper f… https://t.co/3wnuYj9ZXQ",Wed Mar 28 00:21:03 +0000 2018
293,@CNN,0.0,0.0,1.0,0.0,North Atlantic right whales may be on edge of extinction. There's been zero births this year.… https://t.co/wkHa5e2fwD,Wed Mar 28 00:18:02 +0000 2018
294,@CNN,0.2732,0.0,0.792,0.208,Presidential misspellings create a spike in dictionary searches https://t.co/clvvRb4A5j https://t.co/jChXBtd8qI,Wed Mar 28 00:13:03 +0000 2018
295,@CNN,0.0,0.0,1.0,0.0,"President Trump has appointed to his cabinet several people who've served as conservative TV pundits, many on Fox N… https://t.co/ENk3znOZj5",Wed Mar 28 00:08:53 +0000 2018
296,@CNN,0.2732,0.0,0.9,0.1,"Former President Barack Obama says he aspires to create ""a million young Barack Obamas or Michelle Obamas"" who will… https://t.co/l7yBatqodJ",Wed Mar 28 00:03:07 +0000 2018
297,@CNN,0.3612,0.097,0.737,0.166,The brother of slain Democratic National Committee staffer Seth Rich is suing right-wing activists and the Washingt… https://t.co/R4cs9PSQVQ,Wed Mar 28 00:03:04 +0000 2018
298,@CNN,0.0,0.0,1.0,0.0,"Cops in Tempe, Arizona, now have AR-15s strapped to the back of their motorcycles https://t.co/olcEquajNB https://t.co/xGVdtixqVC",Tue Mar 27 23:58:04 +0000 2018
299,@CNN,0.0,0.0,1.0,0.0,"RT @OutFrontCNN: ""Tonight, the President, still uncharacteristically silent."" - Amid a news cycle dominated by stories of alleged affairs w…",Tue Mar 27 23:56:45 +0000 2018
300,@FoxNews,-0.5719,0.242,0.683,0.075,JUST IN: 'Violent deportee' ID'd after escaping ICE custody at JFK airport https://t.co/J23G3k9hqM,Wed Mar 28 15:44:38 +0000 2018
301,@FoxNews,0.0,0.0,1.0,0.0,North Korea begins testing experimental reactor at nuclear site despite 'denuclearization' talk https://t.co/4LtzppPA0D,Wed Mar 28 15:41:03 +0000 2018
302,@FoxNews,-0.3612,0.128,0.872,0.0,"JUST IN: Another suspicious package found in a government mail facility in Washington, D.C. on Wednesday is believe… https://t.co/T1Nh1ixhaV",Wed Mar 28 15:37:55 +0000 2018
303,@FoxNews,0.0,0.0,1.0,0.0,Attorney for Stormy Daniels files motion seeking to depose Trump https://t.co/XjCXuRSwUt,Wed Mar 28 15:26:38 +0000 2018
304,@FoxNews,-0.1531,0.11,0.89,0.0,.@therealroseanne recalls confronting John Goodman about his drinking and working with George Clooney https://t.co/WOZfM4n9f7,Wed Mar 28 15:06:15 +0000 2018
305,@FoxNews,-0.6486,0.35,0.65,0.0,K-Pop Singer Seo Minwoo found dead at 33 https://t.co/cccjWOq7xL,Wed Mar 28 15:00:55 +0000 2018
306,@FoxNews,0.6605,0.0,0.778,0.222,"Dave Harrington, Aliso Viejo mayor: “I kind of wish the attorney general of California took as much interest in the… https://t.co/rbf55Sh2Dc",Wed Mar 28 14:50:02 +0000 2018
307,@FoxNews,0.5267,0.0,0.761,0.239,'Rogue waves' prompt dramatic rescue after fishing boat with 8 aboard sinks in Hawaii (via @travfed)  https://t.co/vAOKVC5EVP,Wed Mar 28 14:50:00 +0000 2018
308,@FoxNews,-0.5859,0.231,0.769,0.0,Corey Feldman says he was stabbed in attempted murder but police are telling a different story (via @Sashafb) https://t.co/0yJbvYufIr,Wed Mar 28 14:35:49 +0000 2018
309,@FoxNews,-0.3182,0.133,0.867,0.0,San Antonio Spurs head coach Gregg Popovich sounds off on Second Amendment after loss https://t.co/xA8S8UuKls https://t.co/CTNPwtPcSX,Wed Mar 28 14:33:53 +0000 2018
310,@FoxNews,0.0,0.0,1.0,0.0,U.S. economy grows at 2.9% rate in Q4 https://t.co/LiuAtAUa8O,Wed Mar 28 14:19:38 +0000 2018
311,@FoxNews,-0.296,0.104,0.896,0.0,.@marcthiessen: “Kim Jong Un has no intention of denuclearizing at the negotiating table. It’s just not going to ha… https://t.co/jWnUgMKLcK,Wed Mar 28 14:08:22 +0000 2018
312,@FoxNews,-0.8834,0.506,0.338,0.156,Aunt of Cop Killed by Illegal Immigrant Applauds Death Sentence: 'He's a Monster' https://t.co/0GCTeUlv1G,Wed Mar 28 13:59:43 +0000 2018
313,@FoxNews,-0.34,0.211,0.789,0.0,Largest Christian university opens 'sophisticated' gun range for students https://t.co/2fTPPmS4or,Wed Mar 28 13:56:55 +0000 2018
314,@FoxNews,0.0,0.0,1.0,0.0,"Sportswear company debuts yoga pants with pockets for guns, knives https://t.co/Bd69rSrwxM",Wed Mar 28 13:49:15 +0000 2018
315,@FoxNews,0.4939,0.0,0.775,0.225,Ex-Disney Channel star Caroline Sunshine joins Trump's White House press team https://t.co/5MY4QUThYj,Wed Mar 28 13:28:53 +0000 2018
316,@FoxNews,0.0,0.0,1.0,0.0,"OPINION: If the Second Amendment falls, our entire Bill of Rights falls https://t.co/vT4cRZ611P",Wed Mar 28 13:17:10 +0000 2018
317,@FoxNews,-0.3182,0.133,0.867,0.0,San Antonio @Spurs head coach Gregg Popovich sounds off on Second Amendment after loss (@RyanGaydos) https://t.co/xA8S8UuKls,Wed Mar 28 13:03:17 +0000 2018
318,@FoxNews,-0.4215,0.118,0.882,0.0,"Florida woman fails to put car into park, car rolls into pool with husband and child inside, cops say (via @travfed… https://t.co/Hoi0ZvaK4O",Wed Mar 28 12:55:00 +0000 2018
319,@FoxNews,-0.6705,0.22,0.78,0.0,Wisconsin grain silo avalanche that killed father and son is commonplace on US farms (via @AndrewOReilly84)  https://t.co/r1eSTv8Mz8,Wed Mar 28 12:48:00 +0000 2018
320,@FoxNews,0.2235,0.0,0.918,0.082,.@statedeptspox: “That Iran nuclear deal did not make the world safer… it did not stop Iran from all of these horri… https://t.co/52T685YKT3,Wed Mar 28 12:45:33 +0000 2018
321,@FoxNews,0.4215,0.0,0.872,0.128,".@statedeptspox: “The United States looks forward to sitting down and having a talk with Kim Jong Un, about the fut… https://t.co/5yrWbLWeHu",Wed Mar 28 12:38:31 +0000 2018
322,@FoxNews,0.5574,0.0,0.739,0.261,.@TomiLahren on Sanctuary Showdown: 'You'd Be Surprised' How Many in CA Support 'America First' https://t.co/In5aQTQz9K,Wed Mar 28 12:34:18 +0000 2018
323,@FoxNews,0.296,0.0,0.864,0.136,Graham Allen: “Our rights and our freedoms as Americans are not up for debate.” https://t.co/AaXj8wLDuv,Wed Mar 28 12:29:55 +0000 2018
324,@FoxNews,-0.2263,0.128,0.872,0.0,"Protesters for Stephon Clark disrupt Sacramento City Council meeting, march to arena https://t.co/YkP3Zb1qiW https://t.co/XdxoKnzK8v",Wed Mar 28 12:15:17 +0000 2018
325,@FoxNews,0.4939,0.0,0.775,0.225,RT @FoxBusiness: Poland signs $4.75 billion agreement for Patriot Missile system https://t.co/3dDg0WgTqw,Wed Mar 28 12:04:33 +0000 2018
326,@FoxNews,0.8074,0.159,0.308,0.533,Slain French attack hero honored with grand national tribute https://t.co/CuCdMSeEfH,Wed Mar 28 11:53:48 +0000 2018
327,@FoxNews,0.0,0.0,1.0,0.0,.@michellemalkin on 2020 census to include citizenship question @foxandfriends https://t.co/sm25stn9jK,Wed Mar 28 11:46:59 +0000 2018
328,@FoxNews,0.2263,0.225,0.449,0.326,Farrakhan supporters plan @WhiteHouse protest https://t.co/XPWL2NvIo6,Wed Mar 28 11:36:17 +0000 2018
329,@FoxNews,-0.6705,0.243,0.757,0.0,Wisconsin grain silo avalanche that killed father and son is commonplace on US farms https://t.co/r1eSTuRbHA,Wed Mar 28 11:31:59 +0000 2018
330,@FoxNews,0.0,0.0,1.0,0.0,.@NYAutoShow: 2019 Toyota Rav4 embraces its truck side https://t.co/E4WLbW8rrx,Wed Mar 28 11:31:46 +0000 2018
331,@FoxNews,0.0,0.0,1.0,0.0,"Facing backlash, California county rescinds homeless shelter plan https://t.co/cEXUjTrF3J",Wed Mar 28 11:19:34 +0000 2018
332,@FoxNews,0.0,0.0,1.0,0.0,.@Walmart to remove Cosmopolitan magazine from checkout lines https://t.co/mwfFO3AB0W,Wed Mar 28 11:10:43 +0000 2018
333,@FoxNews,0.0,0.0,1.0,0.0,.@POTUS responds to Kim Jong Un-Xi Jinping meeting https://t.co/LCMdcACU6w,Wed Mar 28 11:05:43 +0000 2018
334,@FoxNews,0.0,0.0,1.0,0.0,.@TomiLahren on @foxandfriends: “Imagine this...If Democrats wanted to regulate our borders even half as much as th… https://t.co/Cqy3D3gNxw,Wed Mar 28 10:50:59 +0000 2018
335,@FoxNews,0.0772,0.0,0.909,0.091,.@TomiLahren on @foxandfriends: “A lot of Californians here want to see Americans first.” https://t.co/PjEjVDOSHh,Wed Mar 28 10:47:07 +0000 2018
336,@FoxNews,-0.5574,0.175,0.825,0.0,".@TomiLahren on @foxandfriends: “There are a lot of areas here that, of course, believe in shielding illegal immigr… https://t.co/WId0urjmeZ",Wed Mar 28 10:44:26 +0000 2018
337,@FoxNews,0.0,0.0,1.0,0.0,.@TomiLahren on @foxandfriends: You’d be surprised...just how many conservatives and Americans live in California t… https://t.co/WIl4BuMYIK,Wed Mar 28 10:38:59 +0000 2018
338,@FoxNews,0.4019,0.0,0.803,0.197,#Trump tweets support of Second Amendment after Stevens' call for repeal https://t.co/K7cJrRDB3u,Wed Mar 28 10:34:02 +0000 2018
339,@FoxNews,0.0772,0.0,0.933,0.067,"""This comes down to public safety.""

Orange County supervisor Michelle Steel comments on her vote to challenge sanc… https://t.co/S598BtBjKP",Wed Mar 28 10:29:06 +0000 2018
340,@FoxNews,0.0,0.0,1.0,0.0,"#Trump kicks out Russians, but media focus on other controversies https://t.co/8MhxrNBHoc",Wed Mar 28 10:16:27 +0000 2018
341,@FoxNews,-0.5267,0.271,0.625,0.104,'Violent deportee' reportedly escapes ICE custody at JFK airport https://t.co/J23G3k9hqM https://t.co/uEBd69Pt1R,Wed Mar 28 10:13:55 +0000 2018
342,@FoxNews,0.7906,0.0,0.588,0.412,Retired Supreme Court Justice Stevens says Second Amendment should be repealed https://t.co/PE13PgJSin,Wed Mar 28 10:10:27 +0000 2018
343,@FoxNews,0.0,0.0,1.0,0.0,.@marcthiessen: #Trump's cabinet is not supposed to be a 'check' on him -- That's not how democracy works https://t.co/EJiggiwJU6,Wed Mar 28 10:07:52 +0000 2018
344,@FoxNews,-0.34,0.211,0.789,0.0,Dodgers-Angels spring training finale halted by foul-smelling sewage leak https://t.co/nmhAHzuT4i,Wed Mar 28 10:05:29 +0000 2018
345,@FoxNews,-0.7506,0.348,0.652,0.0,"Marlene Dietrich's grandson addresses rumors about her private life, denies she died a recluse https://t.co/PndiviXFtP",Wed Mar 28 10:00:26 +0000 2018
346,@FoxNews,0.5719,0.0,0.764,0.236,Canadian 18-year-old wins $1G a week for life after buying first lotto ticket https://t.co/kSch20cLIJ,Wed Mar 28 09:58:00 +0000 2018
347,@FoxNews,0.0,0.0,1.0,0.0,"""The Constitution says you can remain silent.""

@Judgenap comments on the citizenship question in the 2020 census.… https://t.co/OPm38awn7P",Wed Mar 28 09:57:09 +0000 2018
348,@FoxNews,0.0,0.0,1.0,0.0,"Man says prayer before breaking into NYC store, police say https://t.co/ADgNveRmHX",Wed Mar 28 09:47:42 +0000 2018
349,@FoxNews,0.296,0.0,0.864,0.136,"In wild California Democratic primary, candidate sues over rivals' ballot entries, candidates eased out https://t.co/XI0lVoB0lE",Wed Mar 28 09:44:48 +0000 2018
350,@FoxNews,0.0,0.0,1.0,0.0,"Sportswear company debuts yoga pants with pockets for guns, knives https://t.co/Bd69rSrwxM",Wed Mar 28 09:42:05 +0000 2018
351,@FoxNews,-0.296,0.167,0.833,0.0,Remains found in Arizona farm field ID'd as missing 10-year-old boy https://t.co/XOottYUgRu,Wed Mar 28 09:38:04 +0000 2018
352,@FoxNews,0.0,0.0,1.0,0.0,Family's pet cat returns home 2 days after they thought they buried him https://t.co/kwYT6uEQ9q,Wed Mar 28 09:36:05 +0000 2018
353,@FoxNews,-0.2263,0.128,0.872,0.0,"Protesters for Stephon Clark disrupt Sacramento City Council meeting, march to arena https://t.co/YkP3Zb1qiW https://t.co/8KGfJh15gG",Wed Mar 28 09:34:35 +0000 2018
354,@FoxNews,0.7096,0.0,0.629,0.371,"Democrat using Tinder -- in hopes of attracting voters, not dates https://t.co/039t1eDGJn",Wed Mar 28 09:30:17 +0000 2018
355,@FoxNews,-0.9231,0.526,0.474,0.0,Woman warns pet owners about poisonous 'Death Angel' mushrooms after 2 dogs found dead in backyard https://t.co/vFtfdPVgZG,Wed Mar 28 09:28:10 +0000 2018
356,@FoxNews,0.5574,0.0,0.813,0.187,"Gordon Chang on meeting between China and North Korea: ""It's important for the United States to push China off to t… https://t.co/baxrRaFHpZ",Wed Mar 28 09:24:05 +0000 2018
357,@FoxNews,-0.6908,0.368,0.552,0.08,Gun groups to challenge #Trump administration on bump stock ban https://t.co/6JLFMCs8bn https://t.co/fdjMWfeLXg,Wed Mar 28 09:18:17 +0000 2018
358,@FoxNews,-0.0516,0.155,0.704,0.141,"Granted liquor license, Utah ax-throwing venue has no ax to grind https://t.co/Be10is9XEg",Wed Mar 28 09:15:14 +0000 2018
359,@FoxNews,-0.3612,0.217,0.783,0.0,Thousands attend NYC firefighter Lt. Michael Davidson's funeral https://t.co/jK82bIkPFx https://t.co/n5hJj4Rdzp,Wed Mar 28 09:12:35 +0000 2018
360,@FoxNews,0.0,0.0,1.0,0.0,The Latest: North's TV reports on Kim meeting without images https://t.co/bzRn9LGRpl,Wed Mar 28 09:09:22 +0000 2018
361,@FoxNews,0.0,0.0,1.0,0.0,"Kim Jong Un meets with Chinese leader on 'unofficial visit,' state media says https://t.co/uxNcIeSeEE https://t.co/4aaBlbEFsL",Wed Mar 28 09:07:48 +0000 2018
362,@FoxNews,-0.8658,0.474,0.402,0.124,Illegal immigrant cop killer smirks at death sentence-- and victims’ families grin back https://t.co/t08Kd57vA0,Wed Mar 28 09:02:11 +0000 2018
363,@FoxNews,0.0,0.0,1.0,0.0,Chemical spill at Chicago-area medical clinic sends at least 15 to hospital https://t.co/v6yADNcpvx,Wed Mar 28 09:00:16 +0000 2018
364,@FoxNews,-0.34,0.13,0.87,0.0,".@GiannoCaldwell on gun control: ""People are literally stripping away protection for their own lives, that's litera… https://t.co/bFjzlhhgtk",Wed Mar 28 08:58:57 +0000 2018
365,@FoxNews,-0.5267,0.291,0.597,0.112,'Violent deportee' reportedly escapes ICE custody at JFK airport https://t.co/J23G3k9hqM,Wed Mar 28 08:46:38 +0000 2018
366,@FoxNews,0.4215,0.0,0.826,0.174,"""If the Founding Fathers had wanted it to be specifically legal residents or citizens, I'm sure they would've said… https://t.co/VKg7Qzm5BT",Wed Mar 28 08:43:44 +0000 2018
367,@FoxNews,0.0,0.0,1.0,0.0,"""It's completely legal.""

@dcexaminer contributor Ryan Girdusky comments on the citizenship question in 2020 census… https://t.co/dK2NzqenBN",Wed Mar 28 08:39:07 +0000 2018
368,@FoxNews,-0.34,0.118,0.882,0.0,"Kentucky teen used money mom gave him for tattoo to buy AR-15 to shoot up school, police say https://t.co/wljhdqrOEw",Wed Mar 28 08:33:56 +0000 2018
369,@FoxNews,0.372,0.077,0.746,0.177,"Former @FBI special agent Chad Jenkins: ""I am not a fan of 'lone wolf;' I don't think there's any validity to the '… https://t.co/Ph2op26eyQ",Wed Mar 28 08:28:03 +0000 2018
370,@FoxNews,-0.5574,0.205,0.795,0.0,".@FBI boss Wray 'doubling' agents responding to subpoena on #Clinton, McCabe, FISA abuses https://t.co/JfL0IWrim7 https://t.co/6UHv2EP3tF",Wed Mar 28 08:18:23 +0000 2018
371,@FoxNews,0.0,0.0,1.0,0.0,.@NRA's political fund sees donations spike in February after Florida shooting https://t.co/4kgltlHohK,Wed Mar 28 08:15:36 +0000 2018
372,@FoxNews,-0.3818,0.167,0.833,0.0,"Orange County votes to fight California's sanctuary city laws, joining sheriff's pushback https://t.co/H4moAuUf6J https://t.co/BFuK7sBEqT",Wed Mar 28 08:11:06 +0000 2018
373,@FoxNews,-0.5423,0.304,0.696,0.0,"Vehicle plunge on California coast kills 2 adults, 3 children https://t.co/iKB19gln7H",Wed Mar 28 08:10:00 +0000 2018
374,@FoxNews,0.6841,0.0,0.786,0.214,BEAUTIFUL: The non-profit organization Pile of Puppies brought a litter of miniature bull terrier pups to the bedsi… https://t.co/KXpnDoCmT3,Wed Mar 28 08:05:00 +0000 2018
375,@FoxNews,0.0,0.0,1.0,0.0,"An orangutan in the Ramat Gan Safari Zoo near Tel Aviv, Israel, eats matza, a traditional unleavened bread eaten du… https://t.co/eRHSboKkgE",Wed Mar 28 08:03:28 +0000 2018
376,@FoxNews,-0.5994,0.245,0.755,0.0,".@MonicaCrowley: ""The left has long been at war with the Constitution."" @IngrahamAngle https://t.co/jtmpx261uW",Wed Mar 28 08:00:01 +0000 2018
377,@FoxNews,-0.6514,0.239,0.761,0.0,"Shawn Nelson, Orange County supervisor on California: “It’s time to end this nonsense, and stop being a breakaway r… https://t.co/kWJ0czW4xA",Wed Mar 28 07:55:00 +0000 2018
378,@FoxNews,-0.7579,0.394,0.606,0.0,Al Sharpton's half brother charged with capital murder in Alabama shooting https://t.co/aoZDlVL6UM,Wed Mar 28 07:50:00 +0000 2018
379,@FoxNews,-0.2212,0.099,0.901,0.0,.@dbongino: “You don’t enact a law for the purpose of absolutely black-and-white stopping an activity. You make it… https://t.co/PfmDw3OpOM,Wed Mar 28 07:45:00 +0000 2018
380,@FoxNews,-0.891,0.57,0.43,0.0,Twice-deported illegal immigrant accused of raping young girl in Oregon https://t.co/3dGxykyEGg,Wed Mar 28 07:40:00 +0000 2018
381,@FoxNews,0.4019,0.0,0.87,0.13,Orange County Sheriff Sandra Hutchens on her dept. publishing a “who’s in jail” database to help cooperation with I… https://t.co/tghbhJEKp4,Wed Mar 28 07:35:00 +0000 2018
382,@FoxNews,0.1531,0.165,0.633,0.203,Funerals set for 2 West Virginia firefighters; 2 others still in intensive care https://t.co/3CagzZa8E9,Wed Mar 28 07:30:00 +0000 2018
383,@FoxNews,-0.4215,0.189,0.811,0.0,HAVING A 'RUFF' TIME: Does Charlie look guilty of getting into the trash? https://t.co/5AA4bZreHA,Wed Mar 28 07:25:00 +0000 2018
384,@FoxNews,0.0,0.0,1.0,0.0,OPINION: #Trump is right -- California is out of control https://t.co/RjIGgkAxJx,Wed Mar 28 07:20:00 +0000 2018
385,@FoxNews,0.3182,0.0,0.881,0.119,.@PressSec: “The president’s priority is going to be protecting American workers and making sure that there’s a goo… https://t.co/Zg2yR7VCf6,Wed Mar 28 07:15:00 +0000 2018
386,@FoxNews,-0.7096,0.312,0.688,0.0,Chicago police boss takes heat for opposing firing of officer linked to fatal shootings https://t.co/TFg6Id24xT,Wed Mar 28 07:10:00 +0000 2018
387,@FoxNews,-0.4151,0.165,0.743,0.092,"EXCLUSIVE: Matthew Schrier, the American who escaped Al Qaeda, and says FBI under Mueller &amp; Comey, betrayed him, te… https://t.co/bnS2HQLBft",Wed Mar 28 07:05:00 +0000 2018
388,@FoxNews,-0.5574,0.184,0.816,0.0,Senator @JimInhofe will introduce bill that would send illegal border crossers immediately back to home country https://t.co/fNDmf1BfQz,Wed Mar 28 07:00:02 +0000 2018
389,@FoxNews,0.4404,0.103,0.704,0.192,"'JAWS'-DROPPING VIDEO: These boaters' fishing trip near Daytona Beach, Florida, was interrupted by a great white sh… https://t.co/ueMg0woVGA",Wed Mar 28 06:55:00 +0000 2018
390,@FoxNews,-0.5423,0.408,0.419,0.173,Rocker who survived Paris attack says gun control marchers 'exploiting' victims https://t.co/bVpFkspIpO,Wed Mar 28 06:50:00 +0000 2018
391,@FoxNews,0.4576,0.0,0.8,0.2,.@PressSec: “The president and the administration still fully support the Second Amendment.” https://t.co/8O2vb4YyWW,Wed Mar 28 06:45:00 +0000 2018
392,@FoxNews,0.2732,0.0,0.851,0.149,'Roseanne' Is Now a Big Trump Supporter in Reboot of Hit 1990s Sitcom https://t.co/vxzHWHU0P3,Wed Mar 28 06:40:00 +0000 2018
393,@FoxNews,0.0,0.0,1.0,0.0,".@MariaBartiromo: “You’ve got a president that is bent on rolling back regulations, on getting growth.” https://t.co/0lL0Hf6De5",Wed Mar 28 06:35:00 +0000 2018
394,@FoxNews,-0.5574,0.231,0.769,0.0,Mark Hamill reveals 'Star Wars: Episode IX' ending George Lucas really wanted https://t.co/Sm2QfB1FGk,Wed Mar 28 06:30:00 +0000 2018
395,@FoxNews,0.7655,0.062,0.625,0.313,.@MZHemingway on retired Supreme Court justice calling for repealing 2nd Amendment: “It’s absolutely chilling to se… https://t.co/XXkr70HbSN,Wed Mar 28 06:25:00 +0000 2018
396,@FoxNews,0.128,0.17,0.629,0.201,Pilot dumps 30 tons of fuel mid-flight to save passenger's life https://t.co/agwFXKMokX,Wed Mar 28 06:20:00 +0000 2018
397,@FoxNews,-0.4939,0.151,0.849,0.0,.@LindseyGrahamSC : “We need that $650 billion to repair the damage done during the Obama administration to our mil… https://t.co/ragxV4eycE,Wed Mar 28 06:15:00 +0000 2018
398,@FoxNews,-0.5881,0.238,0.675,0.087,"“We think that the focus has to remain on removing weapons from dangerous individuals, not on blocking all American… https://t.co/JjllVs8IgQ",Wed Mar 28 06:10:00 +0000 2018
399,@FoxNews,0.0,0.0,1.0,0.0,.@PressSec on census citizenship question: This is something that has been part of the census for decades and somet… https://t.co/msMNB12uSv,Wed Mar 28 06:05:00 +0000 2018
400,@nytimes,0.0,0.0,1.0,0.0,RT @NYTNational: Atlanta’s city government has been partially paralyzed for days by a cyberattack. Traffic tickets can't be paid online. Wi…,Wed Mar 28 15:39:09 +0000 2018
401,@nytimes,0.3278,0.0,0.827,0.173,Elements that make a podcast spark don’t always translate seamlessly to TV. But that's not stopping Hollywood from… https://t.co/D0wWi2XJQB,Wed Mar 28 15:25:05 +0000 2018
402,@nytimes,-0.2023,0.231,0.769,0.0,The highs and lows of testosterone https://t.co/KL5JNKPwDy,Wed Mar 28 15:10:04 +0000 2018
403,@nytimes,0.0,0.0,1.0,0.0,RT @NYTFashion: Saudi Arabia will host its first ever fashion week next month (after a two week delay). Here's what to expect: https://t.co…,Wed Mar 28 15:00:03 +0000 2018
404,@nytimes,0.4404,0.0,0.828,0.172,Will taxpayers have to bail out the Pro Football Hall of Fame in Ohio? https://t.co/2BbZW0Mih5,Wed Mar 28 14:45:05 +0000 2018
405,@nytimes,0.0,0.0,1.0,0.0,Atlanta’s city government has been hobbled by a cyberattack and is doing some business with ink and paper. Security… https://t.co/JEbTiuZ7zw,Wed Mar 28 14:30:12 +0000 2018
406,@nytimes,-0.9231,0.451,0.549,0.0,The officer was killed after he voluntarily exchanged himself for a female hostage during a terrorist attack in Fra… https://t.co/qyzVCzdROk,Wed Mar 28 14:15:06 +0000 2018
407,@nytimes,0.0,0.0,1.0,0.0,How the Chinese and North Korean news media portrayed the meeting between Xi Jinping and Kim Jong-un https://t.co/GfQOFPqIf0,Wed Mar 28 14:00:12 +0000 2018
408,@nytimes,0.0,0.0,1.0,0.0,"""I think it is completely reasonable to say that there could have been a different outcome of the referendum had th… https://t.co/8fhRZ13NjF",Wed Mar 28 13:45:07 +0000 2018
409,@nytimes,0.8625,0.0,0.593,0.407,"""It's like a beauty pageant. The fish cannot be fat. It must look strong and have personality."" https://t.co/QY2HdEdUQH",Wed Mar 28 13:30:07 +0000 2018
410,@nytimes,-0.4404,0.243,0.638,0.119,The Motion Picture Academy concluded that an allegation of sexual harassment against its president had no merit https://t.co/DhiZeF7tHZ,Wed Mar 28 13:14:07 +0000 2018
411,@nytimes,0.0,0.0,1.0,0.0,Morning Briefing: Here's what you need to know to start your day https://t.co/yLdObb0e0R https://t.co/NbpPRQafVf,Wed Mar 28 13:00:17 +0000 2018
412,@nytimes,0.4215,0.094,0.703,0.203,RT @MattAndersonNYT: The Russian director Kirill Serebrennikov is still under house arrest in Moscow. A festival of his plays and films at…,Wed Mar 28 12:44:03 +0000 2018
413,@nytimes,-0.5423,0.163,0.837,0.0,The Academy of Motion Picture Arts and Sciences concluded that an allegation of sexual harassment against its presi… https://t.co/9h1ugEvuBz,Wed Mar 28 12:30:03 +0000 2018
414,@nytimes,0.34,0.0,0.882,0.118,Facebook said it will roll out a centralized system for its users to control their privacy and security settings https://t.co/DxHZ5eNRDa,Wed Mar 28 12:15:05 +0000 2018
415,@nytimes,-0.0397,0.116,0.774,0.109,"Trevor Noah is not impressed by John Bolton, President Trump's new pick for national security adviser. Our late-nig… https://t.co/pwzaU3scX5",Wed Mar 28 12:05:06 +0000 2018
416,@nytimes,0.0,0.0,1.0,0.0,Atlanta's municipal government has been brought to its knees by one of the most sustained and consequential cyberat… https://t.co/DG6umSDQL5,Wed Mar 28 11:44:02 +0000 2018
417,@nytimes,0.0,0.0,1.0,0.0,"The National Civil Rights Museum in Memphis is a monument to a movement, and to the Rev. Dr. Martin Luther King Jr. https://t.co/b9MJfvYXiF",Wed Mar 28 11:31:08 +0000 2018
418,@nytimes,0.0,0.0,1.0,0.0,"President Trump said that the Second Amendment — the right to bear arms — ""will never be repealed,"" responding to a… https://t.co/iYAMbvHi9Z",Wed Mar 28 11:15:09 +0000 2018
419,@nytimes,0.34,0.0,0.862,0.138,"John Bolton, President Trump's choice for national security adviser, was portrayed during a 2005 Senate confirmatio… https://t.co/Eq0eq04Pb9",Wed Mar 28 11:00:08 +0000 2018
420,@nytimes,0.0,0.0,1.0,0.0,"Some voters said they had been paid, from about $3 to $9, to vote. In several areas, government officials promised… https://t.co/3l3sroqZll",Wed Mar 28 10:45:05 +0000 2018
421,@nytimes,-0.6124,0.263,0.737,0.0,North Korea is firing up a reactor. Why that could upset Trump's talks with Kim. https://t.co/dIimnicgw7 https://t.co/F6kbTGtJDr,Wed Mar 28 10:30:10 +0000 2018
422,@nytimes,0.2732,0.0,0.913,0.087,"RT @LizziePaton: Is fast fashion going out of, well, fashion? H&amp;M, the world’s second largest retailer by sales, is currently sitting on a…",Wed Mar 28 10:15:04 +0000 2018
423,@nytimes,0.0,0.0,1.0,0.0,Morning Briefing: Here's what you need to know to start your day https://t.co/qSirjFsTQK https://t.co/Rtc5I5NHou,Wed Mar 28 10:05:05 +0000 2018
424,@nytimes,0.4215,0.0,0.872,0.128,"Kim Jong-un told Xi Jinping that he was open to dialogue with the United States, including a potential summit meeti… https://t.co/7mnXpfQdMX",Wed Mar 28 09:44:06 +0000 2018
425,@nytimes,-0.5574,0.135,0.865,0.0,"RT @nytimesworld: “I am thinking about the family of the butcher, about the customer who died for nothing, and about the colonel who sacrif…",Wed Mar 28 09:29:02 +0000 2018
426,@nytimes,0.1045,0.158,0.658,0.184,The United Nations' most haunting mystery received new life on Tuesday https://t.co/Cp0HnO48qu,Wed Mar 28 09:16:05 +0000 2018
427,@nytimes,-0.296,0.147,0.756,0.097,"RT @nytimesworld: Egypt’s presidential election is shaping up to be a low-watt and joyless affair, the antithesis of the youthful passions…",Wed Mar 28 09:00:22 +0000 2018
428,@nytimes,-0.5267,0.159,0.841,0.0,"In an 8th-grade history textbook, students are told that Viktor Orban thinks refugees are a threat to Hungary. ""It… https://t.co/zGSK0PZDXF",Wed Mar 28 08:44:04 +0000 2018
429,@nytimes,-0.4404,0.132,0.868,0.0,At least 12 states signaled that they would sue to block the Trump administration from adding a question about citi… https://t.co/zg2L5EURJP,Wed Mar 28 08:30:07 +0000 2018
430,@nytimes,0.0,0.0,1.0,0.0,The connections between Cambridge Analytica and Peter Thiel's firm Palantir were thrust into the spotlight by Chris… https://t.co/X9OaPT2uvR,Wed Mar 28 08:16:01 +0000 2018
431,@nytimes,0.4767,0.09,0.687,0.223,"RT @nytpolitics: Kirstjen Nielsen, the homeland security secretary, recently warned dozens of foreign diplomats that the United States woul…",Wed Mar 28 08:02:04 +0000 2018
432,@nytimes,0.0,0.0,1.0,0.0,These almond cookies need just 4 ingredients https://t.co/5NNOTBW0n5,Wed Mar 28 07:47:02 +0000 2018
433,@nytimes,0.4588,0.0,0.8,0.2,“Spain is creating a situation where Europe’s judges rather than its politicians are being asked to solve Catalonia… https://t.co/k0HaUIVIYU,Wed Mar 28 07:32:04 +0000 2018
434,@nytimes,0.0,0.0,1.0,0.0,RT @nytimesworld: A German gynecologist who provided patients information about abortion has stoked a debate over the Nazi-era law that ban…,Wed Mar 28 07:17:03 +0000 2018
435,@nytimes,-0.4019,0.144,0.856,0.0,"H&amp;M is a ""fast fashion"" giant. But it has a big problem: A $4.3 billion pile of unsold clothes. https://t.co/wCoI4udh7F",Wed Mar 28 06:49:17 +0000 2018
436,@nytimes,0.0,0.0,1.0,0.0,RT @nytopinion: One man searches for the world’s last remaining quiet places. https://t.co/8YXjpMLIlw,Wed Mar 28 06:32:05 +0000 2018
437,@nytimes,-0.4118,0.182,0.744,0.074,"A grocery war is raging across the United States. At stake is not only the price of toothpaste and bananas, but the… https://t.co/MUQx1tA2tX",Wed Mar 28 06:07:16 +0000 2018
438,@nytimes,0.7003,0.0,0.766,0.234,"It's pretty clear how birds, even dinosaurs, got their wings. But how insects got theirs has been a mystery -- unti… https://t.co/59FhXuhJgV",Wed Mar 28 05:49:42 +0000 2018
439,@nytimes,0.34,0.117,0.701,0.182,RT @NeilMacFarquhar: Articulate whistle-blower says data miners took “colonial” delight in secretly manipulating other countries via @NYTim…,Wed Mar 28 05:32:01 +0000 2018
440,@nytimes,0.0,0.0,1.0,0.0,Uber said it is not renewing its permit to test self-driving vehicles in California because it wants to wait for th… https://t.co/8QlITPricx,Wed Mar 28 05:02:05 +0000 2018
441,@nytimes,0.0,0.0,1.0,0.0,"A combination of weather phenomena whipped up and swept Saharan dust north, bringing a sepia tint to parts of easte… https://t.co/WL5g75ZvCd",Wed Mar 28 04:41:04 +0000 2018
442,@nytimes,0.0,0.0,1.0,0.0,"RT @nytopinion: Despite the ubiquity of dogs in our culture, there is much we don’t know about them and how they experience the world. Thei…",Wed Mar 28 04:21:03 +0000 2018
443,@nytimes,0.0,0.0,1.0,0.0,RT @jdelreal: For those catching up on the events here in Sacramento: https://t.co/vgSOvghxF3,Wed Mar 28 04:11:06 +0000 2018
444,@nytimes,0.0,0.0,1.0,0.0,The idea of cosmetic surgery for a fish may sound extreme. But the Asian arowana is not your average pet store fish. https://t.co/RacPmqymCs,Wed Mar 28 04:02:03 +0000 2018
445,@nytimes,-0.34,0.211,0.789,0.0,"Arrest of Catalan Leader Tests Spain, Separatists and E.U. https://t.co/jW8JlTkZyq",Wed Mar 28 03:55:32 +0000 2018
446,@nytimes,0.0,0.0,1.0,0.0,Atlanta’s city government has been partially paralyzed for days by a cyberattack. Traffic tickets can't be paid onl… https://t.co/e8ITt2Pien,Wed Mar 28 03:47:04 +0000 2018
447,@nytimes,-0.8442,0.304,0.62,0.076,"RT @NYTStyles: ""How can I get over my sense of betrayal, my rage and my desire to punish this man for the disrespectful way he treated me?""…",Wed Mar 28 03:32:03 +0000 2018
448,@nytimes,-0.2263,0.091,0.909,0.0,"Detectives in Los Angeles searching for an actress who disappeared last month found a body they believe is hers, th… https://t.co/UctTxeFEo6",Wed Mar 28 03:17:04 +0000 2018
449,@nytimes,-0.7717,0.288,0.637,0.075,"""We have created a double tragedy for these people."" Chronic pain patients treated with high doses of opioids are c… https://t.co/O2ZPgi7gM5",Wed Mar 28 03:02:02 +0000 2018
450,@nytimes,0.4588,0.0,0.87,0.13,RT @nytopinion: John Paul Stevens: Rarely in my lifetime have I seen the type of civic engagement school children demonstrated throughout t…,Wed Mar 28 02:51:05 +0000 2018
451,@nytimes,0.4019,0.0,0.863,0.137,"Before harvesting millions of users' Facebook data, Cambridge Analytica had help from an employee at Peter Thiel's… https://t.co/yq5T0MfyyH",Wed Mar 28 02:38:06 +0000 2018
452,@nytimes,0.0258,0.086,0.823,0.091,Investors pummeled tech stocks again on Tuesday as they hurried to drop shares in the very sector that once drove a… https://t.co/55Ge3ZrTLI,Wed Mar 28 02:26:03 +0000 2018
453,@nytimes,0.4939,0.0,0.789,0.211,RT @PamelaPaulNYT: Everyone except Sean Penn will enjoy reading this book review. https://t.co/RliFDhdK2o,Wed Mar 28 02:17:02 +0000 2018
454,@nytimes,0.0,0.0,1.0,0.0,"In Opinion,
Isabelle Robinson, a senior at Marjory Stoneman Douglas High School, writes, ""The idea that we are to b… https://t.co/cVB0DGRzd0",Wed Mar 28 02:02:02 +0000 2018
455,@nytimes,0.4404,0.0,0.734,0.266,Bill Cunningham left us one final gift: a memoir https://t.co/jNLxToxSrK,Wed Mar 28 01:51:02 +0000 2018
456,@nytimes,0.0,0.0,1.0,0.0,RT @nickconfessore: NEW w/@AllMattNYT &amp; @carolecadwalla: interviews &amp; documents reveal how an employee at Peter Thiel's Silicon Valley inte…,Wed Mar 28 01:41:04 +0000 2018
457,@nytimes,-0.886,0.309,0.691,0.0,"He was wrongfully convicted of rape and murder and spent 23 years behind bars. This week, he returned to work as a… https://t.co/I6ujPJ625a",Wed Mar 28 01:32:09 +0000 2018
458,@nytimes,0.0,0.0,1.0,0.0,"RT @jdelreal: Hundreds of people who were waiting outside have made their way into the city hall foyer, where they are chanting Stephon Cla…",Wed Mar 28 01:17:05 +0000 2018
459,@nytimes,0.4019,0.0,0.876,0.124,Breaking News: President Trump secured his first major trade deal: a pact with South Korea. It may have been driven… https://t.co/ie34rULVmY,Wed Mar 28 01:10:50 +0000 2018
460,@nytimes,0.0,0.0,1.0,0.0,"Evening Briefing: Here's what you need to know at the end of the day
https://t.co/viDImohrSe",Wed Mar 28 01:02:06 +0000 2018
461,@nytimes,-0.4215,0.135,0.865,0.0,"Dr. John Cacioppo, who bridged biology and psychology in exploring the health effects of loneliness, dies at 66 https://t.co/Czq6evXOGX",Wed Mar 28 00:51:06 +0000 2018
462,@nytimes,-0.1511,0.2,0.667,0.133,RT @jdelreal: Stephon Clark’s brother is interrupting the city council meeting. “They don’t care about you!” he screamed. https://t.co/GrXi…,Wed Mar 28 00:41:04 +0000 2018
463,@nytimes,-0.4404,0.172,0.828,0.0,Some might find the idea of speed-solving @nytimes crossword puzzles intimidating. Not this group.… https://t.co/bfSPo3yCxa,Wed Mar 28 00:32:04 +0000 2018
464,@nytimes,-0.4404,0.132,0.868,0.0,At least 12 states signaled that they would sue to block the Trump administration from adding a question about citi… https://t.co/C4Pn782AFc,Wed Mar 28 00:17:05 +0000 2018
465,@nytimes,0.0,0.0,1.0,0.0,RT @jdelreal: Packed house today at the Sacramento City Council meeting to discuss the Stephon Clark shooting. The room is at capacity and…,Wed Mar 28 00:08:05 +0000 2018
466,@nytimes,0.2732,0.0,0.896,0.104,The surprise discussions added another layer of complexity to the rush of global diplomacy around North Korea’s nuc… https://t.co/fkwmip5h3Z,Wed Mar 28 00:03:00 +0000 2018
467,@nytimes,0.0,0.0,1.0,0.0,Breaking News: North Korea's leader is said to have met secretly with China's president. It was Kim Jong-un’s first… https://t.co/Mw0YpWvfbC,Tue Mar 27 23:52:39 +0000 2018
468,@nytimes,0.0,0.0,1.0,0.0,"As you walk into a room at University of California, Irvine, the first thing you notice are the fruit and vegetable… https://t.co/c7KTBOf2dZ",Tue Mar 27 23:32:05 +0000 2018
469,@nytimes,-0.4019,0.144,0.856,0.0,"H&amp;M is a ""fast fashion"" giant. But it has a big problem: A $4.3 billion pile of unsold clothes. https://t.co/xkjuVRmCJT",Tue Mar 27 23:17:02 +0000 2018
470,@nytimes,0.7003,0.0,0.766,0.234,"It's pretty clear how birds, even dinosaurs, got their wings. But how insects got theirs has been a mystery -- unti… https://t.co/izgS59NtxG",Tue Mar 27 23:02:03 +0000 2018
471,@nytimes,0.0,0.0,1.0,0.0,"Evening Briefing: Here's what you need to know at the end of the day
https://t.co/v54i6wg4pj",Tue Mar 27 22:47:04 +0000 2018
472,@nytimes,-0.7096,0.228,0.772,0.0,RT @jdelreal: About two dozen people are gathered here at the Sacramento County District Attorney’s Office to protest the death of Stephon…,Tue Mar 27 22:32:02 +0000 2018
473,@nytimes,-0.5994,0.224,0.776,0.0,"Apple is introducing a new iPad, trying to become a force again in classrooms, a battle fought against Google and M… https://t.co/AAPH4kWu1N",Tue Mar 27 22:17:02 +0000 2018
474,@nytimes,0.0772,0.0,0.939,0.061,The 2020 census is a snapshot of America that will affect the number of congressional seats and how state and feder… https://t.co/HcGCEs7ftP,Tue Mar 27 22:01:06 +0000 2018
475,@nytimes,-0.6249,0.221,0.779,0.0,"RT @cliffordlevy: Some Republicans fear the midterms may come down to one thing: Trump’s conduct. (Including Stormy.)
""He blocks everything…",Tue Mar 27 21:47:02 +0000 2018
476,@nytimes,-0.8225,0.364,0.636,0.0,A fatal helicopter crash in New York’s East River may have been caused by a passenger’s harness accidentally trippi… https://t.co/ilkS6nx9rz,Tue Mar 27 21:32:51 +0000 2018
477,@nytimes,-0.886,0.309,0.691,0.0,"He was wrongfully convicted of rape and murder and spent 23 years behind bars. This week, he returned to work as a… https://t.co/zIGxzZlm4E",Tue Mar 27 21:16:03 +0000 2018
478,@nytimes,-0.0772,0.147,0.734,0.119,Here are 11 movies you won’t want to miss https://t.co/DeWdoxFniP,Tue Mar 27 21:00:23 +0000 2018
479,@nytimes,0.0772,0.0,0.933,0.067,"If President Trump actually meets Kim Jong-un, his challenge will be much larger than merely persuading North Korea… https://t.co/7JveTkU9oD",Tue Mar 27 20:45:08 +0000 2018
480,@nytimes,-0.2732,0.11,0.89,0.0,"“The Americans” has always been as much about marriage and partnership as about geopolitics, our critic writes https://t.co/UXPe1hO5R1",Tue Mar 27 20:30:04 +0000 2018
481,@nytimes,0.0,0.0,1.0,0.0,"Roseanne believes President Trump doesn't oppose same-sex marriage. ""He has said it several times, you know, that h… https://t.co/E7ThXtFRAn",Tue Mar 27 20:22:03 +0000 2018
482,@nytimes,0.5859,0.0,0.833,0.167,"If it is successful, the Trump administration could come closer than any Republican White House has to achieving a… https://t.co/edKynbq7K7",Tue Mar 27 20:15:06 +0000 2018
483,@nytimes,0.0,0.0,1.0,0.0,These almond cookies need just 4 ingredients https://t.co/gY9TpfJdjd,Tue Mar 27 20:00:12 +0000 2018
484,@nytimes,0.0,0.0,1.0,0.0,"In Opinion,
Isabelle Robinson, a senior at Marjory Stoneman Douglas High School, writes, ""The idea that we are to b… https://t.co/uxs0El114r",Tue Mar 27 19:54:49 +0000 2018
485,@nytimes,0.8176,0.0,0.694,0.306,"""A strong case could be made for [Gerald] Murnane, who recently turned 79, as the greatest living English-language… https://t.co/7ESwrnkrfv",Tue Mar 27 19:45:05 +0000 2018
486,@nytimes,0.1779,0.0,0.922,0.078,"Two graphic designers founded Turbo without fully knowing what it would be. Now, the studio is part of a growing de… https://t.co/xmZNfQqdZX",Tue Mar 27 19:30:04 +0000 2018
487,@nytimes,-0.5106,0.148,0.852,0.0,The attorney general is responding to public outcry over a police shooting in which an unarmed black man was killed… https://t.co/64nSNabytF,Tue Mar 27 19:21:01 +0000 2018
488,@nytimes,0.3612,0.0,0.828,0.172,"The photos are surreal, like a Martian ski slope or a toasted marshmallow sky https://t.co/VFHIgBVETa",Tue Mar 27 19:15:07 +0000 2018
489,@nytimes,-0.4588,0.143,0.857,0.0,"By branching into public forums, Breitbart is taking a cue from one of its perennial foes: the mainstream media https://t.co/8wS7IUFeQU",Tue Mar 27 19:06:03 +0000 2018
490,@nytimes,0.0,0.0,1.0,0.0,"Check out our new animations about race and mobility, or make one of your own https://t.co/FNt0PtuI8l",Tue Mar 27 19:00:16 +0000 2018
491,@nytimes,-0.836,0.395,0.535,0.07,Horrific accounts of children struggling to escape the blazing shopping mall distracted public attention from a dip… https://t.co/0ngky3p6Km,Tue Mar 27 18:51:02 +0000 2018
492,@nytimes,0.3612,0.098,0.674,0.228,"Fair housing groups filed a lawsuit saying that Facebook continues to discriminate against certain groups, includin… https://t.co/cBbsa2X9BK",Tue Mar 27 18:45:05 +0000 2018
493,@nytimes,0.4588,0.0,0.818,0.182,"RT @nytimesworld: “Spain is creating a situation where Europe’s judges rather than its politicians are being asked to solve Catalonia,” one…",Tue Mar 27 18:34:16 +0000 2018
494,@nytimes,-0.0258,0.108,0.788,0.103,"Under pressure, Mark Zuckerberg agreed to testify before Congress over Facebook’s handling of user data, people fam… https://t.co/MvIygDFq9u",Tue Mar 27 18:30:15 +0000 2018
495,@nytimes,-0.7269,0.274,0.684,0.042,Critics say the rule could throw patients who lost access to the drugs into withdrawal or even provoke them to buy… https://t.co/06RkHiijim,Tue Mar 27 18:15:03 +0000 2018
496,@nytimes,-0.5994,0.163,0.837,0.0,Tempest in an egg spoon: How Alice Waters's fancy utensil set off a culinary culture war that touches on class and… https://t.co/g0XvIB6ABy,Tue Mar 27 18:00:09 +0000 2018
497,@nytimes,0.0,0.0,1.0,0.0,"Lieutenant Davidson left behind a wife and four young children, and came from a family of firefighters, with his fa… https://t.co/qoREudBKjp",Tue Mar 27 17:45:10 +0000 2018
498,@nytimes,0.8625,0.0,0.593,0.407,"“It’s like a beauty pageant. The fish cannot be fat. It must look strong and have personality."" https://t.co/nSKiuU0x9i",Tue Mar 27 17:30:09 +0000 2018
499,@nytimes,0.0,0.0,1.0,0.0,"RT @amyfiscus: ""Bulletproof, Slow and Full of Wine” is also the title of my autobiography https://t.co/JthIHU4sY5",Tue Mar 27 17:25:08 +0000 2018
